time,palm_position_x,palm_position_y,palm_position_z,palm_normal_x,palm_normal_y,palm_normal_z,palm_direction_x,palm_direction_y,palm_direction_z,hand_grab_angle,hand_grab_strength,hand_pinch_angle,hand_pinch_strength,thumb_extension,index_extension,middle_extension,ring_extension,pinky_extension,,time,palm_position_x,palm_position_y,palm_position_z,palm_normal_x,palm_normal_y,palm_normal_z,palm_direction_x,palm_direction_y,palm_direction_z,hand_grab_angle,hand_grab_strength,hand_pinch_angle,hand_pinch_strength,thumb_extension,index_extension,middle_extension,ring_extension,pinky_extension,
0.462307,-7.291691,174.804199,18.49427,-0.193978,-0.978525,0.069727,-0.098436,-0.051304,-0.99382,0.018032,0,73.356422,0,1,1,1,1,1,,0.369371,-16.039173,174.114914,21.57744,0.025543,-0.994245,-0.104042,-0.064254,0.102228,-0.992684,0,0,66.534828,0,1,1,1,1,1,
0.462489,-7.194481,174.793045,18.480373,-0.1944,-0.978452,0.069571,-0.098643,-0.051064,-0.993812,0.015735,0,73.291641,0,1,1,1,1,1,,0.879929,-15.623657,173.962234,21.428854,0.025909,-0.994273,-0.103685,-0.064246,0.101849,-0.992723,0,0,65.994682,0,1,1,1,1,1,
1.001337,-3.023403,185.297943,26.636387,-0.299134,-0.941482,-0.15534,-0.061003,0.18133,-0.981529,1.651723,0,55.643162,1,0,1,1,0,0,,0.880113,-15.192795,173.937347,21.159155,0.026199,-0.99432,-0.103154,-0.064315,0.101299,-0.992775,0,0,65.568237,0,1,1,1,1,1,
1.022624,-3.416973,183.883408,28.147425,-0.317745,-0.935785,-0.152792,-0.066931,0.182878,-0.980855,1.967453,0,52.970123,1,0,1,1,0,0,,0.880227,-14.767529,173.933838,20.841776,0.027296,-0.994397,-0.102127,-0.064243,0.100209,-0.99289,0,0,65.459396,0,1,1,1,1,1,
1.052266,-3.934582,183.36644,29.235584,-0.323156,-0.932456,-0.161539,-0.075752,0.195638,-0.977746,2.219421,0.226856,50.303013,0.896072,0,1,0,0,0,,0.880334,-14.418156,173.968887,20.6747,0.027927,-0.994492,-0.101027,-0.063804,0.099087,-0.993031,0,0,65.423218,0,1,1,1,1,1,
1.094453,-4.401936,182.800186,29.647722,-0.320581,-0.932171,-0.168182,-0.080358,0.203678,-0.975735,2.313718,0.324908,46.795689,0.849547,0,1,0,0,0,,0.880442,-14.326065,173.983582,20.737497,0.034757,-0.994485,-0.098948,-0.064058,0.096588,-0.993261,0,0,65.2836,0,1,1,1,1,1,
1.114662,-4.172455,181.65419,28.577881,-0.322842,-0.931676,-0.166593,-0.076629,0.201171,-0.976554,2.166268,0.121129,48.650234,0.895137,0,1,0,0,0,,0.880548,-14.332191,174.065063,20.776159,0.037372,-0.994445,-0.098403,-0.064097,0.095884,-0.993327,0,0,65.276627,0,1,1,1,1,1,
1.151623,-3.76683,180.937744,27.285145,-0.316691,-0.934805,-0.160768,-0.070683,0.192278,-0.978792,1.978504,0,50.031723,0.949899,0,1,1,0,0,,0.880655,-14.358471,174.07103,20.82667,0.0404,-0.994404,-0.097616,-0.064161,0.094912,-0.993416,0,0,65.261093,0,1,1,1,1,1,
1.17012,-3.053066,180.713028,26.47711,-0.32189,-0.933466,-0.158203,-0.060491,0.187032,-0.98049,1.871362,0,52.225773,1,0,1,1,0,0,,0.880761,-14.388241,174.030136,20.881428,0.042757,-0.994355,-0.097105,-0.064407,0.094249,-0.993463,0,0,65.262543,0,1,1,1,1,1,
1.213878,-1.981655,180.482956,25.660095,-0.325405,-0.931398,-0.163127,-0.053046,0.190226,-0.980306,1.804576,0,54.21011,1,0,1,1,0,0,,0.880867,-14.408245,174.0056,20.948706,0.044026,-0.994315,-0.096949,-0.064475,0.094013,-0.993481,0,0,65.284019,0,1,1,1,1,1,
1.236605,-1.339439,180.524506,24.646778,-0.315743,-0.932562,-0.175026,-0.048807,0.20018,-0.978543,1.787156,0,55.231102,1,0,1,1,0,0,,0.881012,-14.423458,174.014557,21.00227,0.044645,-0.994318,-0.096636,-0.064358,0.093669,-0.993521,0,0,65.357506,0,1,1,1,1,1,
1.267709,-1.074707,179.889648,24.812044,-0.321989,-0.931303,-0.170288,-0.046572,0.195231,-0.979651,2.036149,0,53.806545,1,0,1,0,0,0,,0.881135,-14.477577,173.910828,21.048889,0.047116,-0.994271,-0.095946,-0.064439,0.092827,-0.993595,0,0,65.338486,0,1,1,1,1,1,
1.309405,-1.113613,179.415909,25.613302,-0.320874,-0.931899,-0.169126,-0.046207,0.193759,-0.97996,2.201905,0.178391,51.253635,0.913015,0,1,0,0,0,,0.88125,-14.532078,173.571075,21.136648,0.051282,-0.994166,-0.094892,-0.064782,0.091505,-0.993695,0,0,65.399872,0,1,1,1,1,1,
1.322766,-1.857662,178.792801,25.875034,-0.307854,-0.935979,-0.170793,-0.053074,0.196125,-0.979141,2.295642,0.247376,48.757915,0.850693,0,1,0,0,0,,0.881392,-14.582058,173.163132,21.243046,0.053961,-0.994074,-0.09437,-0.065165,0.090801,-0.993735,0,0,65.450439,0,1,1,1,1,1,
1.362132,-2.502975,178.567444,26.074041,-0.295596,-0.93931,-0.174123,-0.059703,0.200076,-0.97796,2.322731,0.294028,45.761032,0.868424,0,1,0,0,0,,0.881508,-14.643749,172.68338,21.295933,0.057415,-0.994,-0.093099,-0.065852,0.089279,-0.993827,0,0,65.448921,0,1,1,1,1,1,
1.384571,-2.637959,177.861572,24.905539,-0.289036,-0.943479,-0.162187,-0.060011,0.186941,-0.980537,2.06582,0,49.706657,0.909744,0,1,0,0,0,,0.88163,-14.657417,172.153305,21.295307,0.061052,-0.993943,-0.091374,-0.066663,0.08728,-0.993951,0,0,65.466911,0,1,1,1,1,1,
1.415399,-2.406845,177.895111,23.771467,-0.280115,-0.946355,-0.161081,-0.056342,0.183716,-0.981363,1.905213,0,52.322861,0.967368,0,1,1,0,0,,0.881749,-14.628239,171.607712,21.303932,0.06346,-0.993895,-0.090253,-0.06735,0.085964,-0.994019,0,0,65.451569,0,1,1,1,1,1,
1.457496,-1.746632,178.292984,22.912176,-0.279491,-0.9461,-0.163642,-0.048958,0.184255,-0.981658,1.818725,0,54.335777,1,0,1,1,0,0,,0.881858,-14.626373,171.006241,21.364431,0.066211,-0.99386,-0.088647,-0.068245,0.084123,-0.994116,0,0,65.315018,0,1,1,1,1,1,
1.471625,-1.058464,178.986374,22.400219,-0.28667,-0.942842,-0.16991,-0.043595,0.190008,-0.980814,1.803589,0,55.495308,1,0,1,1,0,0,,0.881971,-14.609585,170.420578,21.445358,0.068444,-0.993884,-0.08666,-0.069357,0.081913,-0.994223,0,0,65.010017,0,1,1,1,1,1,
1.501356,-0.804543,179.300751,22.464155,-0.288685,-0.941915,-0.171629,-0.041416,0.191379,-0.980642,1.844168,0,55.080311,1,0,1,1,0,0,,0.882084,-14.592064,169.928772,21.508341,0.069282,-0.993895,-0.085867,-0.070407,0.080988,-0.994225,0,0,64.574776,0,1,1,1,1,1,
1.531392,-0.900307,179.211868,22.929043,-0.303187,-0.938326,-0.166201,-0.041773,0.187329,-0.981409,2.022305,0.030444,53.940979,1,0,1,0,0,0,,0.882189,-14.502968,169.55838,21.422758,0.071263,-0.99387,-0.084524,-0.071376,0.079441,-0.994281,0,0,64.124794,0,1,1,1,1,1,
1.553758,-1.755356,178.754791,23.277025,-0.291834,-0.943754,-0.155436,-0.053645,0.178405,-0.982494,2.191821,0.161592,50.399818,1,0,1,0,0,0,,0.882301,-14.135712,169.524414,21.13768,0.072576,-0.993727,-0.085079,-0.071261,0.07992,-0.994251,0,0,63.545902,0,1,1,1,1,1,
1.596768,-2.231735,177.789932,23.345917,-0.278689,-0.949562,-0.143752,-0.059356,0.166426,-0.984266,2.195637,0.160451,47.796444,1,0,1,0,0,0,,0.882446,-13.770058,169.635254,20.802576,0.073243,-0.993539,-0.086697,-0.070938,0.08152,-0.994144,0,0,63.344704,0,1,1,1,1,1,
1.663432,-2.051594,177.065002,23.438652,-0.267371,-0.954067,-0.135163,-0.058788,0.15616,-0.985981,2.022583,0,48.603024,1,0,1,0,0,0,,0.882551,-13.414791,169.812592,20.583519,0.072736,-0.993562,-0.086862,-0.070529,0.08175,-0.994154,0,0,63.195602,0,1,1,1,1,1,
1.664441,-1.476871,176.817078,22.88736,-0.256427,-0.956944,-0.136026,-0.053586,0.15459,-0.986524,1.836713,0,51.392361,1,0,1,1,0,0,,0.882661,-13.064678,169.99321,20.416651,0.071031,-0.993704,-0.086639,-0.06979,0.081694,-0.994211,0,0,63.135983,0,1,1,1,1,1,
1.692935,-0.828487,177.034698,22.415754,-0.256855,-0.955728,-0.143558,-0.048516,0.161105,-0.985744,1.757267,0,53.935936,1,0,1,1,0,0,,0.882768,-12.75481,170.396515,20.244009,0.069754,-0.993725,-0.087439,-0.068939,0.082641,-0.994192,0,0,63.166336,0,1,1,1,1,1,
1.705827,0.231081,177.690002,22.177624,-0.265644,-0.951455,-0.155456,-0.039096,0.171748,-0.984365,1.770156,0,54.636826,1,0,1,1,0,0,,0.882872,-12.49522,170.844818,20.083494,0.069145,-0.993701,-0.088194,-0.067871,0.083515,-0.994193,0,0,63.179066,0,1,1,1,1,1,
1.74956,0.385386,178.203217,22.666698,-0.268902,-0.950129,-0.157944,-0.035759,0.173719,-0.984146,1.849779,0,53.482071,1,0,1,1,0,0,,0.883153,-12.339291,171.162201,20.01951,0.067727,-0.99371,-0.089178,-0.067214,0.084635,-0.994142,0,0,63.184086,0,1,1,1,1,1,
1.788477,-0.302685,178.310944,23.011513,-0.273508,-0.949533,-0.153559,-0.041529,0.171155,-0.984369,2.121871,0.134058,50.809818,1,0,1,0,0,0,,0.883193,-12.395809,171.201889,19.927458,0.067146,-0.993723,-0.089478,-0.067031,0.084985,-0.994125,0,0,63.10445,0,1,1,1,1,1,
1.816589,-0.917381,177.209915,23.507637,-0.259747,-0.95629,-0.134314,-0.049773,0.152161,-0.987102,2.258589,0.25319,45.932449,1,0,1,0,0,0,,0.8833,-12.714745,171.412872,19.940849,0.06328,-0.993815,-0.091257,-0.067226,0.086988,-0.993939,0,0,62.956341,0,1,1,1,1,1,
1.834106,-0.950569,174.748962,22.67061,-0.235997,-0.965742,-0.107928,-0.047814,0.12247,-0.99132,2.163518,0.129686,45.124859,1,0,1,0,0,0,,0.883408,-13.681713,172.251602,19.929422,0.040673,-0.994507,-0.096449,-0.069172,0.093494,-0.993214,0.082393,0,62.699097,0,1,1,1,1,1,
1.865403,-0.680641,172.856781,22.408171,-0.223839,-0.969991,-0.094944,-0.04206,0.106939,-0.993376,2.021071,0,45.618061,1,0,1,1,0,0,,0.88352,-15.164276,174.070679,19.94174,-0.003111,-0.993569,-0.113187,-0.083303,0.113052,-0.990091,0.291121,0,63.957428,0,1,1,1,1,1,
1.890467,-0.155334,172.159225,22.212027,-0.215444,-0.972486,-0.088629,-0.034463,0.098276,-0.994562,1.902561,0,47.152508,1,0,1,1,0,0,,0.883625,-16.845257,175.344208,19.22872,-0.052665,-0.988592,-0.14111,-0.116542,0.146425,-0.982333,0.605849,0,62.219715,0,0,1,1,1,1,
1.921242,0.978069,172.486053,21.990128,-0.210012,-0.973304,-0.092601,-0.027147,0.100482,-0.994568,1.790442,0,49.339195,1,0,1,1,0,0,,0.883734,-18.238155,175.753601,19.635151,0.013668,-0.983896,-0.178221,-0.147956,0.174286,-0.973516,0.921825,0,62.138008,0,0,1,1,0,0,
1.964717,1.642464,173.619659,21.369764,-0.209791,-0.97185,-0.107219,-0.019578,0.113812,-0.993309,1.722486,0,52.50267,1,0,1,1,0,0,,0.883839,-18.701702,172.238739,18.968075,0.054103,-0.982162,-0.180087,-0.15194,0.170153,-0.973633,1.144453,0,61.398407,0.432014,0,1,1,0,0,
1.990152,1.652384,174.906906,20.330629,-0.224984,-0.966712,-0.121859,-0.0098,0.127305,-0.991815,1.735362,0,54.263847,1,0,1,1,0,0,,0.883953,-18.576111,172.38269,19.863461,0.058835,-0.979003,-0.195172,-0.154039,0.184265,-0.970731,1.240265,0,57.404919,0.608865,0,1,1,0,0,
2.035109,0.854694,175.143677,20.612467,-0.233718,-0.964229,-0.125055,-0.008829,0.130717,-0.991381,1.834022,0,52.842789,1,0,1,1,0,0,,0.884061,-18.579113,175.365097,19.675173,-0.018832,-0.971819,-0.234975,-0.153682,0.235037,-0.95976,1.467441,0,61.063911,1,0,1,1,0,0,
2.06119,-0.853806,174.713455,21.007542,-0.248381,-0.961741,-0.115585,-0.021726,0.124825,-0.991941,2.144178,0.137932,49.191746,1,0,1,0,0,0,,0.884171,-18.506927,178.055496,20.59411,-0.087127,-0.962248,-0.257852,-0.172735,0.269508,-0.94738,1.695743,0,62.169369,1,0,1,1,0,0,
2.083174,-2.24239,173.610214,21.06872,-0.243903,-0.964608,-0.10021,-0.029481,0.110657,-0.993421,2.181725,0.142575,46.989052,1,0,1,0,0,0,,0.884282,-18.311047,178.179642,21.185398,-0.143948,-0.957701,-0.249175,-0.183115,0.273227,-0.94436,1.79231,0,61.966038,0.873184,0,1,1,0,0,
2.101519,-2.526226,173.221741,20.985775,-0.220752,-0.970604,-0.095898,-0.031956,0.105469,-0.993909,1.934167,0,48.083275,1,0,1,1,0,0,,0.89373,-19.061573,178.353577,21.504639,-0.143611,-0.956489,-0.253978,-0.210732,0.280308,-0.936493,1.842993,0,61.035046,0.793213,0,1,1,0,0,
2.118691,-2.365025,173.28894,20.875502,-0.219352,-0.970797,-0.097148,-0.030489,0.106345,-0.993862,1.822416,0,50.103878,1,0,1,1,0,0,,0.918199,-19.474518,178.490891,21.659517,-0.136709,-0.953328,-0.269214,-0.221936,0.294333,-0.929577,1.892093,0,60.643677,0.734365,0,1,1,0,0,
2.135367,-1.889297,174.146164,20.558294,-0.21957,-0.969547,-0.108483,-0.028742,0.117577,-0.992648,1.737366,0,52.396126,1,0,1,1,0,0,,0.951914,-19.906101,179.792007,21.024454,-0.110191,-0.943416,-0.312768,-0.223049,0.33013,-0.917204,1.996818,0,61.775803,0.820647,0,1,0,0,0,
2.155185,-1.393063,175.0065,19.880896,-0.227284,-0.966699,-0.117625,-0.026031,0.126774,-0.99159,1.716438,0,53.673706,1,0,1,1,0,0,,0.982655,-20.448601,180.910873,20.095047,-0.082111,-0.931785,-0.353603,-0.22302,0.362983,-0.904713,2.079064,0,63.295105,0.836281,0,1,0,0,0,
2.182901,-0.909969,176.077591,19.285202,-0.238943,-0.963157,-0.123426,-0.024353,0.133011,-0.990815,1.71391,0,54.117916,1,0,1,1,0,0,,1.028883,-21.48175,181.749481,18.220932,-0.063342,-0.922822,-0.379984,-0.223168,0.384204,-0.89587,2.100165,0,63.872513,0.811568,0,1,0,0,0,
2.21972,-0.567417,176.782181,18.971769,-0.247742,-0.960404,-0.127464,-0.023888,0.137581,-0.990202,1.748617,0,53.390514,1,0,1,1,0,0,,1.048555,-22.527683,181.539215,16.516781,-0.059517,-0.923339,-0.379346,-0.226852,0.382587,-0.895637,2.09697,0,62.780937,0.760477,0,1,0,0,0,
2.249736,-1.171627,176.502899,19.645405,-0.249099,-0.960529,-0.123831,-0.035607,0.136858,-0.98995,1.899177,0,50.110523,1,0,1,1,0,0,,1.075942,-23.389732,180.753479,14.659283,-0.045937,-0.926116,-0.374433,-0.230044,0.374561,-0.898211,2.110809,0,61.146973,0.799548,0,1,0,0,0,
2.279829,-2.175892,175.978012,19.51454,-0.238901,-0.96373,-0.118954,-0.043365,0.132967,-0.990171,1.927717,0,48.285927,1,0,1,1,0,0,,1.104722,-24.304188,179.445465,13.48059,-0.040839,-0.930701,-0.363495,-0.233402,0.36262,-0.902236,2.149825,0,58.153381,0.788915,0,1,0,0,0,
2.326728,-3.048389,175.975525,18.927401,-0.227011,-0.966644,-0.1186,-0.047246,0.132567,-0.990047,1.819321,0,49.949577,1,0,1,1,0,0,,1.114957,-25.086445,178.247238,12.911942,-0.024468,-0.93536,-0.35285,-0.245769,0.347751,-0.904802,2.18484,0,55.753368,0.823658,0,1,0,0,0,
2.351189,-3.219887,176.643982,19.170935,-0.226271,-0.965878,-0.126016,-0.047611,0.140184,-0.98898,1.756025,0,52.207348,1,0,1,1,0,0,,1.154168,-26.002041,177.356049,12.350206,-0.009034,-0.937232,-0.348588,-0.261599,0.338677,-0.903805,2.245144,0,53.727859,0.950422,0,1,0,0,0,
2.380605,-3.03017,178.108353,19.454405,-0.230501,-0.963321,-0.137413,-0.04579,0.151798,-0.98735,1.745706,0,52.02179,1,0,1,1,0,0,,1.173433,-26.516197,175.751373,12.077042,0.005099,-0.93872,-0.344643,-0.273694,0.330177,-0.903368,2.37589,0,51.416538,1,0,1,0,0,0,
2.415113,-2.588924,179.112991,20.798229,-0.248131,-0.958145,-0.142792,-0.044104,0.158422,-0.986386,1.918289,0,50.158096,1,0,1,1,0,0,,1.198596,-26.270367,174.238815,12.03362,0.020908,-0.941516,-0.336318,-0.281037,0.317293,-0.905728,2.45838,0,48.694538,1,0,1,0,0,0,
2.434464,-2.5457,179.513153,21.764858,-0.249577,-0.95772,-0.143124,-0.049427,0.160207,-0.985845,2.079015,0.100428,46.711662,1,0,1,0,0,0,,1.230336,-25.51543,173.101379,12.290128,0.033408,-0.944827,-0.325861,-0.285139,0.303482,-0.909172,2.510328,0,45.795269,1,0,1,0,0,0,
2.466695,-2.802505,179.818665,22.085606,-0.242546,-0.958821,-0.147763,-0.054531,0.165544,-0.984694,2.079104,0.068613,45.256393,1,0,1,0,0,0,,1.244907,-24.758339,172.621399,12.686485,0.039793,-0.947093,-0.318484,-0.287579,0.294394,-0.911389,2.518862,0,44.68642,1,0,1,0,0,0,
2.496481,-3.037437,180.230621,21.360531,-0.22737,-0.96114,-0.156567,-0.053071,0.172769,-0.983532,1.936562,0,46.810482,1,0,1,1,0,0,,1.273155,-23.91008,172.667908,13.310844,0.041187,-0.947622,-0.316726,-0.28912,0.29213,-0.91163,2.472697,0,44.06604,1,0,1,0,0,0,
2.51229,-2.779617,180.637512,20.708338,-0.219196,-0.962024,-0.162673,-0.046753,0.176892,-0.983119,1.848967,0,48.893822,1,0,1,1,0,0,,1.305319,-23.098061,172.821609,13.984578,0.045251,-0.94711,-0.317703,-0.290396,0.291824,-0.911323,2.377426,0,42.950626,1,0,1,0,0,0,
2.531941,-2.520763,180.945511,20.43997,-0.214388,-0.962052,-0.168803,-0.041879,0.181717,-0.982459,1.819139,0,50.22747,1,0,1,1,0,0,,1.322027,-22.012146,173.125565,14.989595,0.063518,-0.945839,-0.318362,-0.291382,0.28753,-0.912372,2.273452,0,42.39566,0.850825,0,1,0,0,0,
2.563231,-2.225563,181.220627,20.679462,-0.216914,-0.960655,-0.173465,-0.037581,0.185782,-0.981872,1.847564,0,50.140461,1,0,1,1,0,0,,1.366876,-21.013779,173.579834,15.86685,0.080756,-0.944096,-0.319628,-0.289664,0.284606,-0.913835,2.223869,0,42.372021,0.737512,0,1,0,0,0,
2.577883,-1.859211,181.269897,21.590834,-0.23415,-0.956396,-0.174588,-0.033161,0.187332,-0.981737,1.988003,0,49.006954,1,0,1,1,0,0,,1.390439,-19.508339,174.315414,16.80759,0.088917,-0.944114,-0.3174,-0.282499,0.281672,-0.916982,2.145901,0,42.965702,0.631617,0,1,0,0,0,
2.595474,-2.11565,181.301056,22.487068,-0.242358,-0.955316,-0.169216,-0.037433,0.183493,-0.982308,2.138048,0.125336,45.993164,1,0,1,0,0,0,,1.406627,-18.088364,175.248123,16.845387,0.094232,-0.945256,-0.312427,-0.274366,0.277013,-0.920862,2.056068,0,44.384403,0.5671,0,1,0,0,0,
2.62271,-2.549599,181.357376,22.843765,-0.234869,-0.958217,-0.16327,-0.043089,0.178067,-0.983074,2.17938,0.138412,43.479824,1,0,1,0,0,0,,1.435511,-17.432228,176.089462,16.723398,0.09596,-0.946401,-0.30841,-0.269218,0.273615,-0.923394,2.018018,0,44.621086,0.603029,0,1,1,0,0,
2.652135,-3.223598,181.241577,22.317741,-0.225563,-0.961421,-0.157454,-0.047541,0.172289,-0.983899,2.177375,0.119499,42.134407,1,0,1,0,0,0,,1.511425,-16.782539,179.955872,17.576111,0.071187,-0.942211,-0.327369,-0.263186,0.298828,-0.917298,2.0684,0,43.850964,0.66516,0,1,0,0,0,
2.680505,-3.559425,180.848831,21.609312,-0.214299,-0.964431,-0.154755,-0.047749,0.16859,-0.984529,2.079229,0.013179,43.041553,1,0,1,0,0,0,,1.52079,-16.988609,182.063583,18.083982,0.046928,-0.928653,-0.36797,-0.259823,0.344348,-0.902173,2.259319,0.015534,44.474953,0.824127,0,1,0,0,0,
2.707879,-3.363415,181.193253,20.6528,-0.205764,-0.965643,-0.158727,-0.03913,0.170187,-0.984635,1.859622,0,46.77599,1,0,1,1,0,0,,1.552499,-17.206978,183.964127,18.259544,0.022144,-0.919279,-0.392984,-0.257084,0.374626,-0.890822,2.369726,0.087508,45.547413,1,0,1,0,0,0,
,,,,,,,,,,,,,,,,,,,,1.565145,-17.456387,185.935349,18.3536,0.002616,-0.909893,-0.414834,-0.252828,0.400756,-0.880609,2.422358,0.114509,47.363068,1,0,1,0,0,0,
,,,,,,,,,,,,,,,,,,,,1.582944,-17.873146,187.812698,18.222576,-0.010295,-0.901766,-0.432101,-0.249197,0.420804,-0.872253,2.413519,0.033525,49.756989,1,0,1,0,0,0,
,,,,,,,,,,,,,,,,,,,,1.611299,-18.53746,189.339401,18.167114,-0.007267,-0.893201,-0.4496,-0.248831,0.437084,-0.864315,2.393936,0,51.683441,1,0,1,0,0,0,
,,,,,,,,,,,,,,,,,,,,1.627868,-19.150963,190.820908,18.17717,-0.008389,-0.8857,-0.464183,-0.248078,0.451531,-0.857075,2.383116,0,52.960232,1,0,1,0,0,0,
0.424857,-20.435375,177.519119,-0.004055,-0.083541,-0.992688,-0.08713,-0.180975,0.101095,-0.978278,0.607575,0,55.814289,0,1,1,1,1,1,,1.643796,-19.857872,192.042389,17.9562,-0.010374,-0.881863,-0.471391,-0.246626,0.45911,-0.85346,2.378689,0,53.529922,1,0,1,0,0,0,
0.771539,-26.286377,193.486969,28.868549,-0.300976,-0.947548,-0.107549,-0.341666,0.212437,-0.915497,1.610549,0,38.697948,1,0,1,1,0,0,,1.678854,-20.547813,193.338943,17.568411,-0.012012,-0.879086,-0.476511,-0.244531,0.464658,-0.851057,2.3749,0,54.061684,1,0,1,0,0,0,
0.778624,-26.609737,194.150848,29.64241,-0.329818,-0.939396,-0.093569,-0.342391,0.211398,-0.915467,1.6733,0,38.941551,1,0,1,1,0,0,,1.704177,-21.059887,194.823883,17.332335,-0.019655,-0.876222,-0.481507,-0.240907,0.471561,-0.848289,2.37185,0,54.717258,1,0,1,0,0,0,
0.783024,-22.537449,186.248932,29.68656,-0.341311,-0.938167,-0.057877,-0.344268,0.182068,-0.921049,1.873057,0,41.00914,0.71861,0,1,1,0,0,,1.732795,-21.526794,196.469238,17.274218,-0.025355,-0.871991,-0.488865,-0.234413,0.480574,-0.845044,2.375627,0,54.765663,1,0,1,0,0,0,
0.783118,-22.555325,185.981567,29.470579,-0.339692,-0.938726,-0.058331,-0.344972,0.18205,-0.920789,1.872293,0,41.092129,0.716402,0,1,1,0,0,,1.74784,-22.206985,197.830215,17.090153,-0.029885,-0.870914,-0.490525,-0.231858,0.4834,-0.844137,2.359418,0.074756,52.455921,1,0,1,0,0,0,
0.783212,-22.488438,185.529404,28.994738,-0.338262,-0.93926,-0.058038,-0.344672,0.181045,-0.9211,1.869805,0,41.055298,0.715564,0,1,1,0,0,,1.766559,-23.051231,199.448807,17.090069,-0.023547,-0.873083,-0.487003,-0.232638,0.47855,-0.846681,2.225338,0,50.192116,0.770546,0,1,0,0,0,
0.783305,-22.506889,185.317276,28.497166,-0.336616,-0.939838,-0.058261,-0.344343,0.180445,-0.92134,1.866779,0,41.139854,0.717687,0,1,1,0,0,,1.79082,-23.720757,200.216629,16.867167,-0.0143,-0.876817,-0.480612,-0.234815,0.470164,-0.850769,2.148118,0,49.235336,0.749626,0,1,0,0,0,
0.7834,-22.53756,185.285416,28.208572,-0.333923,-0.940728,-0.05938,-0.344203,0.18034,-0.921413,1.864656,0,41.253139,0.719879,0,1,1,0,0,,1.807998,-24.637829,201.139679,16.117359,-0.012588,-0.885784,-0.463926,-0.2396,0.453119,-0.858648,2.027815,0,48.650517,0.791819,0,1,0,0,0,
0.783494,-22.525009,185.229156,28.084398,-0.331766,-0.941449,-0.060041,-0.344284,0.18009,-0.921432,1.864424,0,41.286499,0.722356,0,1,1,0,0,,1.855197,-25.792217,201.942001,14.790213,-0.00661,-0.89788,-0.44019,-0.244711,0.428267,-0.869887,1.950775,0,47.590694,0.812688,0,1,1,0,0,
0.783587,-22.503071,185.16214,27.926765,-0.329677,-0.942115,-0.0611,-0.344065,0.180162,-0.921499,1.864296,0,41.350971,0.722997,0,1,1,0,0,,1.87973,-26.29245,202.274597,14.566587,0.003644,-0.900372,-0.435106,-0.246763,0.420843,-0.872925,1.917053,0,47.212498,0.826154,0,1,1,0,0,
0.799927,-22.496021,185.069092,27.759581,-0.327906,-0.942666,-0.062115,-0.343848,0.180331,-0.921547,1.864359,0,41.414433,0.724042,0,1,1,0,0,,1.897367,-26.88102,203.047073,14.425547,0.015685,-0.901706,-0.432066,-0.248685,0.415022,-0.875164,1.892915,0,46.866074,0.838432,0,1,1,0,0,
0.809096,-22.51968,185.0009,27.661581,-0.325722,-0.94333,-0.063508,-0.343802,0.180748,-0.921483,1.864359,0,41.490726,0.727169,0,1,1,0,0,,1.937177,-27.167896,203.653152,14.128511,0.016869,-0.903073,-0.429156,-0.248323,0.411985,-0.876701,1.893439,0,46.688457,0.853274,0,1,1,0,0,
0.809985,-22.475677,184.893875,27.609905,-0.324631,-0.943638,-0.064511,-0.343786,0.181259,-0.921388,1.865764,0,41.499737,0.728765,0,1,1,0,0,,1.954913,-27.222313,204.325516,13.789785,0.010242,-0.905337,-0.424571,-0.246336,0.409224,-0.878552,1.91686,0,45.784744,0.86404,0,1,1,0,0,
0.81075,-22.400543,184.773743,27.584455,-0.324141,-0.943799,-0.064619,-0.343925,0.181201,-0.921348,1.867071,0,41.492805,0.728789,0,1,1,0,0,,2.024422,-27.113483,205.508881,13.700126,-0.004701,-0.906118,-0.422999,-0.242295,0.411431,-0.878645,1.953378,0,45.396782,0.882652,0,1,1,0,0,
0.811062,-22.028217,184.123505,27.703382,-0.32495,-0.943682,-0.062227,-0.344518,0.179395,-0.92148,1.87163,0,41.243935,0.720311,0,1,1,0,0,,2.024634,-27.020336,206.891144,14.200144,-0.019773,-0.904439,-0.426144,-0.238598,0.418181,-0.876468,2.010286,0,44.877586,0.869061,0,1,0,0,0,
0.811264,-21.739796,183.711578,27.822659,-0.324726,-0.943801,-0.061584,-0.344872,0.178784,-0.921466,1.873344,0,41.240742,0.714592,0,1,1,0,0,,2.050566,-27.397762,208.884705,15.583541,-0.033864,-0.897032,-0.440666,-0.239473,0.435358,-0.867823,2.154088,0.078083,46.006531,0.888591,0,1,0,0,0,
0.824773,-21.463512,183.437775,27.997694,-0.324319,-0.943908,-0.062091,-0.34508,0.179171,-0.921313,1.87431,0,41.427631,0.708622,0,1,1,0,0,,2.068657,-27.848976,210.555481,16.688946,-0.030915,-0.885556,-0.463502,-0.245571,0.45624,-0.855301,2.259053,0.099378,48.622013,0.933313,0,1,0,0,0,
0.824943,-21.257519,182.7686,27.90308,-0.32049,-0.945113,-0.063616,-0.34424,0.178773,-0.921704,1.872178,0,41.552441,0.701693,0,1,1,0,0,,2.101867,-28.140472,211.651138,17.112886,-0.032201,-0.876983,-0.47944,-0.247726,0.471725,-0.846232,2.308376,0.044476,50.785549,1,0,1,0,0,0,
0.825054,-20.990826,182.185226,28.024065,-0.314701,-0.946653,-0.06937,-0.34312,0.181597,-0.92157,1.85694,0,41.979954,0.710833,0,1,1,0,0,,2.125834,-28.533714,212.406845,17.22616,-0.03067,-0.870763,-0.490746,-0.251979,0.481855,-0.839239,2.311636,0,51.951431,1,0,1,0,0,0,
0.825191,-20.541687,181.723145,28.10829,-0.314924,-0.946239,-0.073855,-0.340347,0.185226,-0.921876,1.836047,0,42.361931,0.729364,0,1,1,0,0,,2.143334,-29.018307,213.035278,16.966797,-0.020659,-0.865001,-0.501345,-0.257865,0.489096,-0.833241,2.311247,0,52.294846,1,0,1,0,0,0,
0.825341,-20.085003,181.726776,28.095201,-0.322079,-0.942984,-0.083936,-0.334475,0.196285,-0.921737,1.823302,0,43.19725,0.743138,0,1,1,0,0,,2.190097,-29.289669,214.175873,16.201046,-0.019145,-0.860111,-0.509748,-0.262097,0.496329,-0.827625,2.340953,0.110704,51.524303,1,0,1,0,0,0,
0.825453,-19.707333,182.143295,27.912945,-0.327739,-0.939796,-0.096799,-0.328814,0.209518,-0.92086,1.811233,0,43.813591,0.800798,0,1,1,0,0,,2.208974,-29.288841,214.812958,15.817047,-0.018148,-0.858142,-0.513092,-0.26238,0.499278,-0.825759,2.319189,0.150964,50.312614,1,0,1,0,0,0,
0.844371,-19.524803,182.473236,26.323898,-0.303439,-0.94435,-0.126996,-0.320828,0.226756,-0.919593,1.776623,0,45.242336,0.869192,0,1,1,0,0,,2.226296,-29.119221,215.028519,15.071485,-0.021199,-0.859581,-0.51056,-0.261768,0.497632,-0.826946,2.233044,0.153946,48.432468,0.754606,0,1,0,0,0,
0.859789,-18.809589,182.471939,25.168673,-0.275899,-0.947011,-0.164469,-0.303418,0.24817,-0.919972,1.745185,0,46.680172,0.948259,0,1,1,0,0,,2.252661,-28.695023,214.837524,14.030866,-0.027634,-0.867436,-0.496782,-0.260164,0.486086,-0.834287,2.116816,0.047514,47.25528,0.807822,0,1,0,0,0,
0.899572,-18.512489,182.446747,24.932451,-0.258841,-0.947934,-0.185533,-0.297484,0.260976,-0.918365,1.735805,0,47.143555,0.982956,0,1,1,0,0,,2.271105,-28.278126,214.60495,13.274704,-0.020538,-0.875689,-0.482438,-0.260812,0.470524,-0.842962,2.029654,0,46.593567,0.841669,0,1,0,0,0,
0.932725,-18.108463,182.351807,23.923498,-0.248755,-0.949205,-0.192696,-0.290397,0.262888,-0.920087,1.760267,0,47.149498,0.988814,0,1,1,0,0,,2.298873,-27.903824,214.643417,12.503793,-0.005008,-0.881072,-0.472955,-0.260312,0.457804,-0.85009,1.9423,0,46.521763,0.870603,0,1,1,0,0,
0.966129,-17.885857,182.123367,23.309992,-0.240554,-0.9509,-0.194735,-0.284954,0.260971,-0.922332,1.854936,0,46.08807,0.950958,0,1,1,0,0,,2.339546,-27.738167,214.858643,11.514553,0.007279,-0.883834,-0.467744,-0.258648,0.450175,-0.85466,1.890615,0,46.886047,0.905883,0,1,1,0,0,
1.004923,-18.341995,182.366669,24.323406,-0.219559,-0.951733,-0.214472,-0.28621,0.272999,-0.918453,1.925426,0,45.554363,0.905123,0,1,1,0,0,,2.367693,-27.596237,215.328003,10.295906,0.018277,-0.886721,-0.461943,-0.258301,0.442148,-0.858945,1.871061,0,47.15004,0.9367,0,1,1,0,0,
1.039704,-18.704342,182.752579,24.22401,-0.21397,-0.949587,-0.229133,-0.28495,0.285039,-0.915181,1.939864,0,45.724834,0.891669,0,1,1,0,0,,2.398248,-27.146141,215.76799,9.263707,0.026039,-0.888181,-0.458755,-0.255622,0.437738,-0.862,1.859389,0,46.68325,0.936066,0,1,1,0,0,
1.062898,-18.656452,184.003525,23.809967,-0.219141,-0.944517,-0.244672,-0.277515,0.300748,-0.912434,1.85233,0,46.963921,0.95485,0,1,1,0,0,,2.415216,-26.93969,216.43924,8.696263,0.030978,-0.889462,-0.455958,-0.255553,0.433966,-0.863925,1.858313,0,46.078739,0.914555,0,1,1,0,0,
1.092449,-18.147995,184.659302,23.079376,-0.219787,-0.941072,-0.257056,-0.266308,0.311368,-0.912211,1.817638,0,47.37344,0.965635,0,1,1,0,0,,2.433196,-26.844467,216.963684,8.60074,0.034619,-0.889829,-0.454979,-0.256772,0.43205,-0.864523,1.865443,0,45.319462,0.876603,0,1,1,0,0,
1.115154,-17.088726,184.961151,21.351009,-0.221392,-0.937311,-0.269135,-0.248867,0.32115,-0.913744,1.814001,0,48.121304,0.940579,0,1,1,0,0,,2.450242,-26.759457,217.401489,8.606795,0.035257,-0.889848,-0.454892,-0.257554,0.431709,-0.864461,1.872332,0,44.943771,0.854963,0,1,1,0,0,
1.124306,-15.799847,185.251862,20.401552,-0.226778,-0.933061,-0.27923,-0.239277,0.331288,-0.912686,1.815624,0,48.835327,0.940531,0,1,1,0,0,,2.46741,-26.675755,217.773468,8.673287,0.035153,-0.889832,-0.454933,-0.258469,0.431631,-0.864227,1.882793,0,44.760475,0.842671,0,1,1,0,0,
1.141855,-15.000092,186.012878,19.845144,-0.227609,-0.930612,-0.286629,-0.234321,0.33805,-0.911491,1.825741,0,49.259773,0.959452,0,1,1,0,0,,2.484598,-26.669075,218.084015,8.826837,0.034548,-0.889818,-0.455007,-0.259489,0.431678,-0.863898,1.905051,0,44.118839,0.823703,0,1,1,0,0,
1.160154,-14.702343,186.383514,19.106083,-0.224198,-0.930836,-0.28858,-0.229366,0.3382,-0.912695,1.850171,0,49.018898,0.992424,0,1,1,0,0,,2.501756,-26.631248,218.453323,9.126431,0.032587,-0.890014,-0.454766,-0.260194,0.431764,-0.863643,1.925392,0,43.791153,0.807206,0,1,1,0,0,
1.191461,-14.742451,186.456253,18.839998,-0.217817,-0.931648,-0.290839,-0.227976,0.338318,-0.913,1.882832,0,48.668743,0.973226,0,1,1,0,0,,2.517984,-26.528988,218.802414,9.993288,0.024687,-0.891235,-0.45287,-0.261845,0.431428,-0.863311,1.979537,0,43.156998,0.770492,0,1,0,0,0,
1.22372,-15.358997,186.20166,18.67874,-0.198919,-0.933902,-0.297083,-0.233743,0.339603,-0.911062,1.970029,0,47.438492,0.91871,0,1,1,0,0,,2.53502,-26.478737,219.21756,10.968759,0.019603,-0.890856,-0.453864,-0.262712,0.433409,-0.862055,2.027617,0,42.948212,0.756709,0,1,0,0,0,
1.238833,-16.101265,186.243561,19.010893,-0.187583,-0.933749,-0.304835,-0.241483,0.344659,-0.907136,2.007328,0,46.181438,0.92266,0,1,0,0,0,,2.552724,-26.313278,219.980774,12.473317,0.006593,-0.886034,-0.463574,-0.261855,0.445878,-0.855935,2.195038,0.022135,44.306904,0.771283,0,1,0,0,0,
1.28499,-16.650021,186.63327,19.719177,-0.183178,-0.931496,-0.314261,-0.248619,0.353173,-0.901919,1.921084,0,46.215233,0.931455,0,1,1,0,0,,2.587944,-26.116207,220.700836,14.172526,-0.008051,-0.875892,-0.482439,-0.264216,0.467173,-0.843765,2.432832,0.201768,48.608139,1,0,1,0,0,0,
1.300207,-16.663719,186.82692,19.385895,-0.178361,-0.930843,-0.318933,-0.249074,0.356285,-0.900568,1.880581,0,46.483959,0.946348,0,1,1,0,0,,2.602735,-26.25526,220.79126,14.149435,0.000247,-0.868334,-0.49598,-0.266252,0.478019,-0.837023,2.492733,0.188605,49.055611,1,0,1,0,0,0,
1.34424,-16.135391,187.215775,17.985569,-0.189427,-0.928849,-0.318366,-0.240778,0.358278,-0.902033,1.859334,0,47.436905,0.939075,0,1,1,0,0,,2.620396,-26.636044,220.821304,13.932018,0.016087,-0.861184,-0.508038,-0.270267,0.485445,-0.831444,2.506793,0.135101,48.842293,1,0,1,0,0,0,
1.36131,-15.317455,188.004868,17.405029,-0.202748,-0.927421,-0.314299,-0.236628,0.357854,-0.903298,1.831585,0,48.341728,0.951018,0,1,1,0,0,,2.638771,-26.801373,220.91333,13.781661,0.020555,-0.858072,-0.513119,-0.272049,0.489061,-0.828739,2.527594,0.12646,48.692471,1,0,1,0,0,0,
1.441321,-15.184929,189.498962,14.868949,-0.190041,-0.928982,-0.31761,-0.224897,0.356095,-0.906983,1.962838,0,48.949612,0.924943,0,1,1,0,0,,2.65481,-26.757172,221.182892,13.753563,0.019232,-0.85679,-0.515307,-0.272206,0.491446,-0.827276,2.539604,0.117935,48.686657,1,0,1,0,0,0,
1.453167,-15.735065,189.449799,14.637555,-0.17955,-0.931394,-0.316651,-0.225822,0.352309,-0.908231,2.00992,0,47.941463,0.909379,0,1,0,0,0,,2.681867,-26.695503,221.451721,13.69148,0.018554,-0.855785,-0.516998,-0.272345,0.493208,-0.82618,2.540858,0.107189,48.805855,1,0,1,0,0,0,
1.479466,-16.346588,189.204681,14.723394,-0.16543,-0.933141,-0.319188,-0.229399,0.351179,-0.907772,2.040219,0,46.655632,0.921684,0,1,0,0,0,,2.698372,-26.662884,221.779434,13.504991,0.017537,-0.855695,-0.517183,-0.272267,0.493628,-0.825955,2.548513,0.136462,48.761211,1,0,1,0,0,0,
1.490752,-16.728352,188.88089,14.761808,-0.159744,-0.935576,-0.314928,-0.2326,0.345715,-0.909054,2.040658,0.003653,45.920185,0.922524,0,1,0,0,0,,,,,,,,,,,,,,,,,,,,,
1.506434,-17.130714,188.527054,14.673896,-0.151836,-0.938192,-0.311034,-0.235094,0.339931,-0.910592,1.998928,0,45.807522,0.893893,0,1,1,0,0,,,,,,,,,,,,,,,,,,,,,
1.536904,-17.18679,188.431732,14.572074,-0.151783,-0.938563,-0.309937,-0.234801,0.338832,-0.911077,1.978823,0,46.151909,0.880414,0,1,1,0,0,,,,,,,,,,,,,,,,,,,,,
1.5621,-16.635044,187.852127,14.14478,-0.149235,-0.940496,-0.30528,-0.232247,0.333439,-0.913717,1.913905,0,46.082996,0.903436,0,1,1,0,0,,0.332724,-1.034191,247.999283,41.352394,0.030223,-0.873885,-0.485191,-0.106024,0.479872,-0.870909,0.688116,0,46.956188,0.858322,0,1,1,1,1,
1.57928,-15.81398,187.68985,13.789659,-0.152958,-0.940824,-0.302415,-0.228798,0.331415,-0.915323,1.888852,0,46.509739,0.909669,0,1,1,0,0,,0.90746,-2.44109,250.308517,39.883419,0.02303,-0.873697,-0.485926,-0.11575,0.480455,-0.869347,0.919304,0,50.280525,1,0,1,1,0,0,
1.602272,-15.22229,188.126923,13.977345,-0.154846,-0.940986,-0.300945,-0.226428,0.330314,-0.91631,1.87231,0,46.879375,0.939814,0,1,1,0,0,,0.912402,0.104439,257.65271,44.307922,-0.000853,-0.8274,-0.561613,-0.105419,0.558558,-0.822739,1.777454,0,49.258896,0.999335,0,1,1,0,0,
1.616302,-14.699821,188.586868,14.091912,-0.157753,-0.941452,-0.297964,-0.225114,0.328084,-0.917434,1.868164,0,47.01083,0.955951,0,1,1,0,0,,0.912534,0.458082,258.259674,44.219349,-0.007271,-0.821568,-0.570065,-0.103769,0.567622,-0.816724,1.808307,0,49.353939,1,0,1,1,0,0,
1.632243,-14.612785,189.113602,13.961483,-0.158603,-0.941918,-0.296031,-0.224593,0.326384,-0.918167,1.871636,0,47.024757,0.960525,0,1,1,0,0,,0.912758,0.289261,258.635559,44.227516,-0.000205,-0.812852,-0.58247,-0.105642,0.579229,-0.808291,1.839088,0,49.255501,1,0,1,1,0,0,
1.664003,-14.922195,189.479996,14.141971,-0.153843,-0.942808,-0.295711,-0.225669,0.32489,-0.918434,1.895141,0,47.136086,0.972543,0,1,1,0,0,,0.912869,-0.305943,259.245117,44.473602,0.011144,-0.799509,-0.600551,-0.107353,0.59616,-0.795656,1.871426,0,48.499405,1,0,1,0,0,0,
1.690696,-15.162292,189.404099,14.509231,-0.146612,-0.944279,-0.294689,-0.227865,0.322136,-0.918862,1.960463,0,46.856632,0.926404,0,1,1,0,0,,0.912977,-1.732189,259.388306,44.842468,0.042818,-0.78538,-0.617531,-0.114228,0.610196,-0.783973,1.943397,0,43.809498,1,0,1,0,0,0,
1.720997,-15.593235,189.040466,14.63643,-0.140477,-0.945965,-0.292261,-0.230509,0.318324,-0.91953,2.025354,0,46.553997,0.872618,0,1,0,0,0,,0.913079,-2.717529,259.024689,44.923405,0.057633,-0.776102,-0.627968,-0.128215,0.618051,-0.775612,2.128352,0,38.353752,0.962141,0,1,0,0,0,
1.751874,-16.032368,188.619705,14.456345,-0.135152,-0.947183,-0.290822,-0.233876,0.315717,-0.919579,2.044852,0,46.391121,0.844191,0,1,0,0,0,,0.913173,-2.852665,258.510651,45.649811,0.048218,-0.773942,-0.631418,-0.130257,0.621883,-0.772201,2.344335,0.220111,30.555,0.903345,0,0,0,0,0,
1.775357,-16.898308,188.112549,14.808548,-0.134998,-0.947243,-0.290698,-0.237447,0.315763,-0.918647,2.000008,0,46.980679,0.841841,0,1,1,0,0,,0.913262,-2.942234,257.852844,46.43174,0.041307,-0.778852,-0.625846,-0.134434,0.616352,-0.775911,2.43863,0.336007,24.310698,0.925835,0,0,0,0,0,
1.793871,-17.047531,188.080872,15.018873,-0.13792,-0.946646,-0.291271,-0.237899,0.317135,-0.918057,1.927739,0,46.813778,0.912999,0,1,1,0,0,,0.913365,-4.065666,256.643433,47.325073,0.053109,-0.783912,-0.618597,-0.157287,0.605172,-0.780402,2.473528,0.441736,23.118416,0.91996,0,0,0,0,0,
1.833893,-16.897842,188.361176,15.011645,-0.147147,-0.94497,-0.292198,-0.236322,0.320446,-0.917315,1.907667,0,47.181267,0.955724,0,1,1,0,0,,0.913465,-5.133724,256.227997,47.690052,0.053953,-0.784549,-0.617715,-0.169297,0.602473,-0.779978,2.470728,0.462235,22.531809,0.907103,0,0,0,0,0,
1.866378,-15.830837,189.083862,14.397235,-0.166479,-0.941227,-0.2939,-0.226091,0.326555,-0.917739,1.88569,0,48.197258,0.982362,0,1,1,0,0,,0.913562,-6.15155,256.319641,46.936111,0.051042,-0.78939,-0.611767,-0.177199,0.595687,-0.783427,2.303321,0.268978,24.508539,0.660314,0,0,0,0,0,
1.892237,-14.821098,190.078812,13.692385,-0.181667,-0.93899,-0.292052,-0.219907,0.328265,-0.918631,1.891052,0,48.730442,0.989503,0,1,1,0,0,,0.913656,-6.773602,256.34021,45.916622,0.06074,-0.787928,-0.612764,-0.185671,0.594264,-0.782545,2.143647,0.107731,23.300701,0.619961,0,1,0,0,0,
1.913852,-14.819862,190.290314,14.269758,-0.168124,-0.941664,-0.291552,-0.220684,0.32421,-0.919884,1.930699,0,48.158344,1,0,1,1,0,0,,0.913767,-7.400124,256.945129,44.971375,0.073958,-0.784569,-0.615614,-0.187594,0.59534,-0.781267,2.025692,0,22.641741,0.605658,0,1,1,0,0,
1.932941,-14.960739,189.953476,14.265131,-0.148836,-0.945412,-0.289903,-0.22406,0.317786,-0.921309,2.017722,0,46.336536,0.971783,0,1,0,0,0,,0.913858,-8.016754,257.922699,44.269005,0.080525,-0.782791,-0.617052,-0.186806,0.596242,-0.780769,1.918781,0,27.729622,0.631178,0,1,1,0,0,
1.945081,-15.123478,189.296097,14.546067,-0.132986,-0.948808,-0.286491,-0.228926,0.310648,-0.922546,2.048746,0,44.666851,0.980014,0,1,0,0,0,,0.913953,-8.420162,258.619049,43.665466,0.081076,-0.779594,-0.621016,-0.186072,0.600274,-0.777848,1.87782,0,30.510866,0.63236,0,1,1,0,0,
1.961882,-15.379223,188.522888,14.889922,-0.121961,-0.950099,-0.287119,-0.234331,0.308664,-0.921855,2.07529,0.020763,43.404938,0.994904,0,1,0,0,0,,0.914084,-8.54121,259.418945,43.283943,0.078119,-0.774798,-0.627364,-0.184649,0.607154,-0.772831,1.876768,0,30.858507,0.639826,0,1,1,0,0,
1.978453,-15.647785,187.82132,15.228433,-0.112841,-0.951998,-0.284548,-0.241067,0.304051,-0.921651,2.072331,0.03806,42.296364,1,0,1,0,0,0,,0.914798,-8.531689,260.045715,42.964039,0.076048,-0.773449,-0.62928,-0.184942,0.609215,-0.771138,1.877258,0,31.599949,0.647342,0,1,1,0,0,
1.995571,-15.788605,187.426239,15.33899,-0.114614,-0.952736,-0.281348,-0.241154,0.301427,-0.922489,2.04964,0.051044,42.270893,0.977947,0,1,0,0,0,,0.914883,-8.427101,260.548523,42.763069,0.073111,-0.77097,-0.632661,-0.185515,0.612775,-0.768174,1.893761,0,31.141661,0.64859,0,1,1,0,0,
2.011823,-15.864151,187.147781,15.177456,-0.115671,-0.953178,-0.279415,-0.239803,0.29978,-0.923378,2.016437,0.016338,43.066414,0.962659,0,1,1,0,0,,0.914985,-8.049324,261.655029,43.523296,0.060685,-0.761899,-0.644847,-0.184749,0.626301,-0.757373,1.99942,0,24.027605,0.726782,0,1,0,0,0,
2.031487,-15.532822,187.034027,14.742267,-0.119144,-0.952317,-0.280887,-0.234765,0.3019,-0.923981,1.951444,0,44.21405,0.993167,0,1,1,0,0,,0.915082,-8.185875,263.343658,45.439709,0.043286,-0.749277,-0.66084,-0.18629,0.643806,-0.742166,2.216061,0.184363,23.579058,0.706961,0,1,0,0,0,
2.046124,-15.03801,187.037689,14.291041,-0.12167,-0.951428,-0.28281,-0.230373,0.304216,-0.924327,1.922118,0,44.603008,1,0,1,1,0,0,,0.915452,-8.242653,264.639191,46.579479,0.019747,-0.74447,-0.667364,-0.188211,0.652792,-0.733784,2.367494,0.387743,24.636206,0.808573,0,0,0,0,0,
2.064738,-13.962963,187.337967,13.80724,-0.13807,-0.94938,-0.282159,-0.22146,0.307268,-0.925495,1.892977,0,45.997364,1,0,1,1,0,0,,0.915567,-8.127304,265.21756,47.308727,0.005501,-0.743976,-0.668184,-0.189547,0.655305,-0.731196,2.431685,0.496465,25.655519,0.899941,0,0,0,0,0,
2.080212,-13.309525,187.785889,13.488196,-0.150656,-0.947177,-0.283123,-0.21509,0.310937,-0.925772,1.8868,0,46.500565,1,0,1,1,0,0,,0.916218,-7.922089,265.280579,47.634327,-0.000943,-0.744071,-0.6681,-0.190376,0.656015,-0.730343,2.534955,0.682947,23.591541,1,0,0,0,0,0,
2.097157,-12.491661,188.47496,13.105861,-0.160806,-0.945033,-0.2847,-0.209631,0.314575,-0.925795,1.873094,0,47.272865,1,0,1,1,0,0,,0.916344,-7.719959,265.371857,47.615685,-0.008768,-0.743901,-0.668232,-0.190089,0.657312,-0.729251,2.590604,0.760542,21.289862,1,0,0,0,0,0,
2.114116,-12.055817,188.92128,12.813643,-0.165225,-0.942763,-0.289652,-0.203699,0.319976,-0.925269,1.879524,0,47.638432,1,0,1,1,0,0,,0.916458,-7.603355,265.32486,47.43129,-0.010565,-0.744032,-0.668061,-0.190133,0.657404,-0.729156,2.586961,0.750134,21.433529,1,0,0,0,0,0,
2.129324,-11.421673,189.090149,12.700943,-0.167728,-0.942074,-0.290455,-0.199963,0.321015,-0.925724,1.884788,0,47.65567,1,0,1,1,0,0,,0.928452,-7.679718,265.355774,47.285309,-0.011049,-0.744646,-0.667369,-0.19068,0.656731,-0.72962,2.557597,0.653673,23.508541,1,0,0,0,0,0,
2.146603,-11.099594,189.032516,12.891459,-0.165258,-0.94234,-0.291007,-0.195935,0.320552,-0.926745,1.900157,0,47.004723,1,0,1,1,0,0,,0.971702,-7.98222,265.599823,47.454041,-0.011367,-0.744463,-0.667567,-0.192263,0.656781,-0.72916,2.468313,0.569897,26.01008,0.992024,0,0,0,0,0,
2.162883,-11.186214,188.787582,13.522832,-0.154795,-0.944499,-0.289759,-0.196693,0.316886,-0.927845,1.920163,0,46.149242,1,0,1,1,0,0,,1.00437,-8.750748,266.047363,47.307343,-0.004489,-0.742196,-0.670168,-0.201449,0.657107,-0.726381,2.30698,0.345978,27.293882,0.77845,0,1,0,0,0,
2.180431,-11.386372,188.666031,13.765209,-0.139242,-0.946833,-0.290033,-0.198222,0.313609,-0.928632,1.964028,0,45.778152,0.997195,0,1,1,0,0,,1.044863,-9.591053,266.061035,46.818748,0.004536,-0.746819,-0.665012,-0.212035,0.64918,-0.730484,2.135079,0.135981,26.422808,0.585039,0,1,0,0,0,
2.205031,-11.465347,187.807083,13.924957,-0.120275,-0.950792,-0.285532,-0.196381,0.304723,-0.931975,2.037596,0,44.780441,0.954748,0,1,0,0,0,,1.053047,-10.422337,266.394409,46.422352,0.018888,-0.749555,-0.661672,-0.224167,0.641767,-0.733406,2.049562,0.015563,24.064705,0.583112,0,1,1,0,0,
2.227118,-11.598057,186.578384,13.983695,-0.109241,-0.95454,-0.277343,-0.196575,0.294248,-0.935295,2.078917,0.013231,43.906315,0.921437,0,1,0,0,0,,1.099825,-10.683449,266.687164,46.165691,0.032953,-0.749881,-0.660752,-0.229319,0.637801,-0.735271,2.023828,0,22.737162,0.572185,0,1,1,0,0,
2.246304,-11.896561,185.518066,13.927069,-0.103628,-0.958315,-0.266259,-0.197539,0.282198,-0.938799,2.095855,0.006755,43.33749,0.896091,0,1,0,0,0,,1.113662,-10.814075,267.228119,45.983463,0.041871,-0.749962,-0.660154,-0.232017,0.635372,-0.736526,1.966515,0,24.711262,0.582666,0,1,1,0,0,
2.275484,-11.836452,184.112457,13.571882,-0.102637,-0.962651,-0.250535,-0.195523,0.266475,-0.943802,2.079103,0,43.253677,0.897099,0,1,0,0,0,,1.126511,-10.86031,267.738586,45.913898,0.04915,-0.747398,-0.662556,-0.233909,0.636296,-0.735128,1.932318,0,27.389017,0.592712,0,1,1,0,0,
2.318011,-11.366936,183.191772,13.211033,-0.107399,-0.965245,-0.238257,-0.188583,0.255071,-0.948354,2.02577,0,43.250679,0.915686,0,1,1,0,0,,1.182001,-10.736019,268.817413,45.694466,0.047855,-0.745479,-0.664809,-0.234327,0.638619,-0.732978,1.890077,0,30.972828,0.61167,0,1,1,0,0,
2.345175,-10.343273,182.823837,12.571308,-0.118842,-0.965247,-0.232755,-0.178255,0.251348,-0.951341,1.945382,0,43.960152,0.948953,0,1,1,0,0,,1.211756,-10.521023,269.673126,45.537189,0.039564,-0.742274,-0.668927,-0.231478,0.644432,-0.728784,1.863801,0,32.085133,0.626135,0,1,1,0,0,
2.375991,-9.018623,183.387482,11.852041,-0.128662,-0.964494,-0.230645,-0.165113,0.250166,-0.95402,1.88564,0,44.930672,0.954931,0,1,1,0,0,,1.229858,-10.18195,270.598297,45.440567,0.03082,-0.738109,-0.673977,-0.228575,0.651224,-0.723644,1.856314,0,32.659203,0.625257,0,1,1,0,0,
2.432758,-8.416206,184.783844,11.307528,-0.140871,-0.96113,-0.237453,-0.153863,0.258185,-0.953765,1.863057,0,46.49617,0.954447,0,1,1,0,0,,1.247016,-9.879436,271.459045,45.354824,0.022527,-0.733484,-0.679333,-0.225834,0.658209,-0.718164,1.859798,0,33.037403,0.631005,0,1,1,0,0,
2.444434,-8.054958,185.705521,10.655943,-0.146875,-0.958419,-0.244665,-0.146493,0.265696,-0.952862,1.87452,0,47.324322,0.938929,0,1,1,0,0,,1.265162,-9.637291,271.956055,45.329811,0.021483,-0.728594,-0.684609,-0.223648,0.663912,-0.713585,1.871157,0,33.154728,0.63085,0,1,1,0,0,
2.485317,-8.064728,186.266495,10.463736,-0.157332,-0.956092,-0.247254,-0.140791,0.26953,-0.952645,1.915117,0,48.088917,0.94062,0,1,1,0,0,,1.283588,-9.506737,272.263214,45.310028,0.021429,-0.724761,-0.688667,-0.221735,0.668225,-0.710147,1.887644,0,32.87077,0.641613,0,1,1,0,0,
2.506414,-8.613754,186.508499,10.810599,-0.153264,-0.957239,-0.245362,-0.142529,0.267113,-0.953067,1.998099,0,47.053234,0.921643,0,1,1,0,0,,1.300915,-9.355625,272.410065,45.327362,0.019644,-0.721574,-0.692059,-0.220471,0.672027,-0.706946,1.916358,0,32.567646,0.67368,0,1,1,0,0,
2.534018,-10.293903,186.280533,12.291359,-0.132857,-0.959723,-0.24755,-0.161489,0.267387,-0.949961,2.141004,0.029352,44.589943,0.883019,0,1,0,0,0,,1.317155,-9.227417,272.636597,45.349743,0.017203,-0.72111,-0.692607,-0.218725,0.673217,-0.706356,1.928566,0,32.439735,0.677151,0,1,1,0,0,
2.576192,-11.350735,186.017731,13.351912,-0.117929,-0.961005,-0.250124,-0.174074,0.267988,-0.947566,2.188242,0.048398,42.82663,0.86781,0,1,0,0,0,,1.333389,-9.121593,272.514832,45.603661,0.014374,-0.721507,-0.692257,-0.217615,0.673476,-0.706451,1.950306,0,32.066196,0.680168,0,1,1,0,0,
2.600318,-11.926094,186.289581,13.249464,-0.118196,-0.96054,-0.251778,-0.17835,0.269968,-0.946208,2.163084,0.05065,42.95726,0.836143,0,1,0,0,0,,1.350849,-8.977951,272.537262,46.188122,0.008509,-0.717585,-0.696419,-0.215451,0.678771,-0.702033,2.014399,0,29.410128,0.663081,0,1,0,0,0,
2.627679,-11.914803,186.478989,12.898879,-0.118515,-0.961258,-0.248872,-0.181224,0.267369,-0.946399,2.004055,0,44.19677,0.875897,0,1,1,0,0,,1.36609,-9.191944,272.603607,47.293411,0.004067,-0.711168,-0.703011,-0.21649,0.685718,-0.694927,2.130772,0.191615,24.986927,0.638505,0,1,0,0,0,
2.657698,-11.477417,186.721207,12.322929,-0.127808,-0.96097,-0.24536,-0.179873,0.265745,-0.947114,1.932652,0,45.701138,0.950581,0,1,1,0,0,,1.383536,-9.457916,273.07843,47.993793,-0.004383,-0.706195,-0.708004,-0.216316,0.691916,-0.68881,2.216336,0.328408,25.323738,0.638972,0,1,0,0,0,
2.690253,-10.899193,187.439758,12.01533,-0.145178,-0.959184,-0.242672,-0.175254,0.266322,-0.947818,1.894297,0,46.825005,0.978982,0,1,1,0,0,,1.400362,-9.500629,273.624054,49.301151,-0.010751,-0.703096,-0.711014,-0.216778,0.695783,-0.684758,2.302405,0.426253,24.900127,0.709623,0,1,0,0,0,
,,,,,,,,,,,,,,,,,,,,1.415273,-9.504784,273.74057,49.864948,-0.011944,-0.699006,-0.715016,-0.216553,0.699905,-0.680616,2.412117,0.560044,24.226954,0.852085,0,0,0,0,0,
,,,,,,,,,,,,,,,,,,,,1.444249,-9.496838,273.711548,50.301918,-0.019257,-0.698189,-0.715655,-0.216102,0.701774,-0.678832,2.49974,0.590058,23.796371,0.922148,0,0,0,0,0,
,,,,,,,,,,,,,,,,,,,,1.449404,-9.485451,273.463074,50.316994,-0.021102,-0.698074,-0.715715,-0.215842,0.702173,-0.678502,2.55907,0.664934,21.507603,0.97298,0,0,0,0,0,
,,,,,,,,,,,,,,,,,,,,1.465772,-9.23431,273.009644,50.353241,-0.021212,-0.698832,-0.714971,-0.215196,0.701561,-0.67934,2.598777,0.6584,20.135139,1,0,0,0,0,0,
,,,,,,,,,,,,,,,,,,,,1.482493,-9.03746,272.536438,50.222698,-0.021778,-0.700835,-0.712991,-0.214911,0.699769,-0.681275,2.619918,0.660117,19.649494,1,0,0,0,0,0,
,,,,,,,,,,,,,,,,,,,,1.500547,-8.870457,271.943634,50.00729,-0.019854,-0.703049,-0.710864,-0.214476,0.697447,-0.68379,2.65358,0.735017,17.483109,1,0,0,0,0,0,
,,,,,,,,,,,,,,,,,,,,1.516783,-8.761765,271.26001,49.807133,-0.018088,-0.707291,-0.706691,-0.21448,0.693098,-0.688196,2.671266,0.766315,16.507288,1,0,0,0,0,0,
,,,,,,,,,,,,,,,,,,,,1.540219,-8.685646,270.586029,49.645638,-0.016381,-0.712319,-0.701665,-0.215325,0.687806,-0.693223,2.654634,0.733059,16.61725,1,0,0,0,0,0,
,,,,,,,,,,,,,,,,,,,,1.552759,-8.486397,269.888763,49.62035,-0.016446,-0.717393,-0.696474,-0.215349,0.682762,-0.698184,2.627652,0.769303,15.574119,1,0,0,0,0,0,
,,,,,,,,,,,,,,,,,,,,1.568702,-8.183327,269.257904,49.719898,-0.022246,-0.724293,-0.689133,-0.214938,0.67665,-0.704235,2.569241,0.760725,15.260547,1,0,0,0,0,0,
,,,,,,,,,,,,,,,,,,,,1.585076,-7.830509,268.919708,49.63596,-0.030125,-0.731079,-0.681628,-0.21361,0.670891,-0.710123,2.48703,0.687581,15.397885,1,0,0,0,0,0,
,,,,,,,,,,,,,,,,,,,,1.604312,-7.594395,268.832153,49.330482,-0.032813,-0.735759,-0.676448,-0.212225,0.666507,-0.714653,2.422619,0.562118,16.20434,1,0,0,0,0,0,
,,,,,,,,,,,,,,,,,,,,1.617915,-7.470592,269.019714,49.187313,-0.032919,-0.737431,-0.67462,-0.211023,0.664897,-0.716506,2.371144,0.488963,17.649614,1,0,0,0,0,0,
,,,,,,,,,,,,,,,,,,,,1.635099,-7.417053,269.300629,48.932629,-0.030928,-0.739102,-0.672883,-0.210553,0.662916,-0.718477,2.308068,0.387392,19.786743,0.978515,1,0,0,0,0,
,,,,,,,,,,,,,,,,,,,,1.652391,-7.425194,269.50412,48.567753,-0.027424,-0.741668,-0.670206,-0.210976,0.65965,-0.721354,2.2499,0.306684,21.422371,0.900163,1,0,0,0,0,
,,,,,,,,,,,,,,,,,,,,1.66839,-7.478821,269.844543,48.308437,-0.025216,-0.742391,-0.669492,-0.210949,0.658576,-0.722342,2.220877,0.266394,22.088537,0.853948,1,0,0,0,0,
,,,,,,,,,,,,,,,,,,,,1.685891,-7.667969,270.168427,47.946953,-0.016779,-0.742454,-0.669687,-0.211812,0.657219,-0.723325,2.164529,0.230347,23.555723,0.733187,1,1,0,0,0,
,,,,,,,,,,,,,,,,,,,,1.702439,-7.886627,270.491333,47.755569,-0.008357,-0.741063,-0.671384,-0.21294,0.657327,-0.722896,2.133258,0.183851,23.017492,0.678271,1,1,0,0,0,
,,,,,,,,,,,,,,,,,,,,1.719034,-8.060852,270.780762,47.437054,0.000412,-0.740265,-0.672314,-0.213635,0.656728,-0.723235,2.11826,0.164383,22.209801,0.648294,1,1,1,0,0,
,,,,,,,,,,,,,,,,,,,,1.734666,-8.087177,271.129211,47.087883,0.011518,-0.738723,-0.673911,-0.213804,0.65655,-0.723346,2.072416,0.084858,21.786678,0.530997,1,1,1,0,0,
,,,,,,,,,,,,,,,,,,,,1.752355,-8.136005,271.346832,46.805191,0.022241,-0.735942,-0.676679,-0.21378,0.65769,-0.722317,2.039001,0.006893,20.718086,0.47624,1,1,1,0,0,
,,,,,,,,,,,,,,,,,,,,1.768791,-8.186916,271.736725,46.631203,0.032593,-0.731614,-0.68094,-0.214477,0.66031,-0.719715,2.007205,0,20.083748,0.460916,1,1,1,0,0,
,,,,,,,,,,,,,,,,,,,,1.785878,-8.280346,272.111725,46.363079,0.038013,-0.728376,-0.684123,-0.214743,0.662668,-0.717466,1.997043,0,19.739323,0.462139,1,1,1,0,0,
,,,,,,,,,,,,,,,,,,,,1.803824,-8.289425,272.535889,46.046585,0.04131,-0.726641,-0.685774,-0.214081,0.663982,-0.716447,1.977597,0,19.479849,0.456773,1,1,1,0,0,
,,,,,,,,,,,,,,,,,,,,1.820604,-8.151398,272.936554,45.837894,0.041533,-0.723893,-0.688661,-0.213081,0.666981,-0.713956,1.970009,0,19.589279,0.480262,1,1,1,0,0,
,,,,,,,,,,,,,,,,,,,,1.838207,-8.072578,273.233398,45.660046,0.041638,-0.722353,-0.69027,-0.212541,0.668653,-0.712552,1.959753,0,19.956312,0.505769,0,1,1,0,0,
,,,,,,,,,,,,,,,,,,,,1.85626,-8.023853,273.451752,45.575638,0.042037,-0.721857,-0.690764,-0.212012,0.669185,-0.712209,1.950083,0,20.207188,0.501555,0,1,1,0,0,
,,,,,,,,,,,,,,,,,,,,1.872157,-7.964325,273.58078,45.457943,0.041235,-0.721917,-0.69075,-0.211493,0.669367,-0.712193,1.946126,0,20.517515,0.496954,1,1,1,0,0,
,,,,,,,,,,,,,,,,,,,,1.888642,-7.939407,273.74295,45.264053,0.040432,-0.721955,-0.690758,-0.21077,0.669605,-0.712184,1.942243,0,20.453108,0.515905,1,1,1,0,0,
,,,,,,,,,,,,,,,,,,,,1.905418,-7.935036,273.830933,45.163662,0.040127,-0.721859,-0.690876,-0.21006,0.669886,-0.712129,1.942145,0,21.021757,0.529984,0,1,1,0,0,
,,,,,,,,,,,,,,,,,,,,1.923192,-7.999741,273.855652,45.023434,0.040481,-0.722412,-0.690276,-0.209558,0.669339,-0.71279,1.934583,0,21.671091,0.540679,0,1,1,0,0,
,,,,,,,,,,,,,,,,,,,,1.941064,-7.999313,273.828979,44.839874,0.040033,-0.723525,-0.689136,-0.208959,0.668377,-0.713868,1.931801,0,22.099401,0.537643,0,1,1,0,0,
,,,,,,,,,,,,,,,,,,,,1.955399,-7.962723,273.763702,44.663895,0.039525,-0.724795,-0.68783,-0.208538,0.667227,-0.715067,1.931881,0,22.291492,0.536578,0,1,1,0,0,
,,,,,,,,,,,,,,,,,,,,1.971951,-7.880013,273.670441,44.605007,0.037937,-0.725996,-0.686651,-0.207786,0.666396,-0.71606,1.933899,0,22.142977,0.537143,1,1,1,0,0,
,,,,,,,,,,,,,,,,,,,,1.990384,-7.792934,273.570251,44.622883,0.037471,-0.726954,-0.685663,-0.20715,0.66559,-0.716993,1.932939,0,22.423899,0.541159,1,1,1,0,0,
,,,,,,,,,,,,,,,,,,,,2.006385,-7.551376,273.281738,44.766155,0.037084,-0.727325,-0.685291,-0.206257,0.665425,-0.717403,1.955735,0,21.380653,0.52752,1,1,1,0,0,
,,,,,,,,,,,,,,,,,,,,2.02294,-7.128956,272.729675,45.183369,0.034703,-0.72677,-0.686004,-0.205063,0.666635,-0.716622,2.015287,0,19.33128,0.489288,1,1,1,0,0,
,,,,,,,,,,,,,,,,,,,,2.041243,-6.848755,272.224792,45.648655,0.030102,-0.728221,-0.684681,-0.203587,0.666166,-0.717479,2.051193,0.02627,18.383478,0.440623,1,1,0,0,0,
,,,,,,,,,,,,,,,,,,,,2.05931,-6.508896,272.101746,46.606228,0.012573,-0.728899,-0.684506,-0.199017,0.669039,-0.716086,2.138437,0.181119,20.291302,0.675489,1,1,0,0,0,
,,,,,,,,,,,,,,,,,,,,2.075752,-6.233299,272.05954,47.46497,-0.012498,-0.729795,-0.683551,-0.193661,0.672428,-0.714378,2.209986,0.268375,19.380674,0.842061,1,1,0,0,0,
,,,,,,,,,,,,,,,,,,,,2.091446,-6.353275,271.888916,48.501446,-0.019387,-0.7301,-0.683066,-0.19258,0.673127,-0.714012,2.379832,0.473711,17.796741,0.985686,1,0,0,0,0,
,,,,,,,,,,,,,,,,,,,,2.106854,-6.519203,271.603607,49.218864,-0.021887,-0.730419,-0.682648,-0.192306,0.673137,-0.714077,2.518377,0.597472,17.231134,1,1,0,0,0,0,
,,,,,,,,,,,,,,,,,,,,2.123699,-6.800514,270.940369,49.666286,-0.02048,-0.731471,-0.681565,-0.194449,0.671604,-0.714939,2.622495,0.624648,17.146027,1,0,0,0,0,0,
,,,,,,,,,,,,,,,,,,,,2.139583,-7.042267,270.214813,49.880672,-0.019731,-0.732762,-0.680199,-0.197584,0.669772,-0.715798,2.668218,0.619695,18.178146,1,0,0,0,0,0,
,,,,,,,,,,,,,,,,,,,,2.155825,-7.131008,269.710449,50.258587,-0.022465,-0.733186,-0.679657,-0.19875,0.669534,-0.715697,2.702425,0.636274,18.524555,1,0,0,0,0,0,
,,,,,,,,,,,,,,,,,,,,2.172578,-7.172764,269.089264,50.499275,-0.024312,-0.7343,-0.67839,-0.199866,0.668461,-0.71639,2.713774,0.643489,18.90963,1,0,0,0,0,0,
,,,,,,,,,,,,,,,,,,,,2.189165,-7.247547,268.479401,50.653847,-0.022823,-0.735143,-0.677528,-0.201567,0.667171,-0.717115,2.704386,0.620733,19.898703,1,0,0,0,0,0,
,,,,,,,,,,,,,,,,,,,,2.208083,-7.351505,268.096161,50.632378,-0.021681,-0.73573,-0.676928,-0.20274,0.666254,-0.717636,2.679736,0.579144,21.421808,1,0,0,0,0,0,
,,,,,,,,,,,,,,,,,,,,2.222196,-7.533676,268.013123,50.375546,-0.019689,-0.736303,-0.676366,-0.203663,0.665266,-0.718291,2.648324,0.570378,21.99003,1,0,0,0,0,0,
,,,,,,,,,,,,,,,,,,,,2.238636,-7.57943,267.90567,49.998135,-0.01889,-0.738041,-0.674491,-0.203841,0.663285,-0.720071,2.616939,0.553493,22.171934,1,0,0,0,0,0,
,,,,,,,,,,,,,,,,,,,,2.255852,-7.584095,267.926147,49.548496,-0.018233,-0.740473,-0.671839,-0.203869,0.660587,-0.722539,2.555864,0.53338,21.27075,1,0,0,0,0,0,
,,,,,,,,,,,,,,,,,,,,2.271254,-7.548782,267.936676,49.156338,-0.018635,-0.744251,-0.66764,-0.203278,0.65663,-0.726303,2.500035,0.504662,21.495554,1,0,0,0,0,0,
,,,,,,,,,,,,,,,,,,,,2.28836,-7.615623,268.082214,48.429974,-0.018966,-0.746582,-0.665023,-0.202917,0.654175,-0.728615,2.427751,0.461634,22.704702,0.928883,0,0,0,0,0,
,,,,,,,,,,,,,,,,,,,,2.314447,-7.659798,268.27597,47.810768,-0.013873,-0.748265,-0.663255,-0.200851,0.651884,-0.731236,2.376438,0.41833,23.973864,0.83399,0,0,0,0,0,
,,,,,,,,,,,,,,,,,,,,2.343546,-7.715553,268.356293,46.862957,-0.006568,-0.749979,-0.661429,-0.198686,0.649234,-0.734179,2.279778,0.325046,24.744423,0.724332,0,1,0,0,0,
,,,,,,,,,,,,,,,,,,,,2.361671,-7.734383,268.62027,46.103752,0.00364,-0.749902,-0.661538,-0.196282,0.648138,-0.735793,2.188135,0.209242,24.023832,0.626424,0,1,0,0,0,
,,,,,,,,,,,,,,,,,,,,2.406186,-7.69923,268.941193,45.193981,0.022019,-0.749048,-0.66215,-0.193699,0.646564,-0.737859,2.095277,0.070454,21.486776,0.497741,1,1,0,0,0,
,,,,,,,,,,,,,,,,,,,,2.430313,-7.506008,269.868896,44.577179,0.031255,-0.747036,-0.664048,-0.191736,0.647553,-0.737504,2.019404,0,19.138763,0.472834,0,1,1,0,0,
,,,,,,,,,,,,,,,,,,,,2.508488,-7.098778,272.033417,42.897289,0.045591,-0.747238,-0.66299,-0.186529,0.64564,-0.74051,1.897354,0,18.606688,0.545945,1,1,1,0,0,
,,,,,,,,,,,,,,,,,,,,2.533849,-6.756763,273.376465,42.202927,0.050024,-0.746509,-0.663492,-0.183858,0.646087,-0.740789,1.884235,0,19.553705,0.571026,0,1,1,0,0,
,,,,,,,,,,,,,,,,,,,,2.559818,-6.343876,274.386597,41.82925,0.056037,-0.745093,-0.664602,-0.181249,0.646996,-0.740638,1.887456,0,20.433319,0.578613,0,1,1,0,0,
,,,,,,,,,,,,,,,,,,,,2.599209,-6.115551,274.979828,41.666363,0.060158,-0.743649,-0.665859,-0.17996,0.648056,-0.740026,1.892303,0,21.156902,0.588968,0,1,1,0,0,
,,,,,,,,,,,,,,,,,,,,2.629904,-5.890411,275.255402,41.673557,0.064031,-0.741377,-0.668027,-0.180385,0.649776,-0.738412,1.910808,0,20.9184,0.564833,0,1,1,0,0,
,,,,,,,,,,,,,,,,,,,,2.667914,-5.702782,275.235596,41.576405,0.065934,-0.741064,-0.66819,-0.180055,0.649818,-0.738456,1.940574,0,20.976017,0.546211,0,1,1,0,0,
