0.464485,10.963594,195.62355,30.030113,-0.079503,-0.959332,0.270854,-0.126464,-0.259812,-0.957342,0.150057,0,64.851433,0,1,1,1,1,1,,0.449301,28.233538,151.623749,17.08675,-0.135733,-0.957983,0.252674,-0.216921,-0.22011,-0.95105,0.26331,0,48.689697,0,1,1,1,1,1,
1.021012,10.162388,195.01651,29.973549,-0.081902,-0.958067,0.274591,-0.132135,-0.262646,-0.955802,0.183489,0,64.815987,0,1,1,1,1,1,,0.972105,26.613989,150.551468,15.861423,-0.142238,-0.956027,0.256478,-0.221199,-0.221859,-0.949658,0.24621,0,49.47971,0,1,1,1,1,1,
1.021375,8.978607,194.236984,30.01553,-0.085735,-0.956053,0.280377,-0.136505,-0.267488,-0.953843,0.190619,0,64.887672,0,1,1,1,1,1,,0.972319,22.81937,149.685211,15.496323,-0.15059,-0.952679,0.264054,-0.240762,-0.223716,-0.94445,0.196965,0,49.405697,0,1,1,1,1,1,
1.021558,7.782185,193.598022,29.96253,-0.085528,-0.95517,0.283434,-0.138313,-0.270339,-0.952778,0.199246,0,64.944489,0,1,1,1,1,1,,0.972441,19.304415,149.815308,15.133043,-0.143917,-0.954557,0.260978,-0.247301,-0.220664,-0.943477,0.177499,0,48.883678,0,1,1,1,1,1,
1.021663,5.732033,193.274658,29.741022,-0.080828,-0.955044,0.285232,-0.143683,-0.272015,-0.951506,0.224462,0,64.704384,0,1,1,1,1,1,,0.972552,15.510567,150.629135,14.529803,-0.134234,-0.958541,0.251359,-0.256719,-0.211357,-0.943093,0.199122,0,48.502518,0,1,1,1,1,1,
1.021774,3.486643,192.768539,29.136484,-0.077582,-0.954728,0.287185,-0.146831,-0.273971,-0.950463,0.232083,0,64.707283,0,1,1,1,1,1,,0.972673,13.682941,150.664612,13.922353,-0.141641,-0.95924,0.244533,-0.269559,-0.200315,-0.941919,0.220487,0,44.163677,0,1,1,1,1,1,
1.022175,1.037861,192.351135,28.543526,-0.076384,-0.954568,0.288038,-0.150192,-0.274571,-0.949765,0.229407,0,64.624275,0,1,1,1,1,1,,0.972789,10.009228,151.429825,13.050679,-0.148394,-0.960427,0.235711,-0.277604,-0.188311,-0.942059,0.267641,0,44.851982,0,1,1,1,1,1,
1.022338,-1.741116,192.286713,27.97489,-0.082541,-0.953909,0.288522,-0.157276,-0.273414,-0.948952,0.234326,0,64.411072,0,1,1,1,1,1,,0.972899,6.381554,151.985916,12.249018,-0.147672,-0.961667,0.231064,-0.285774,-0.182172,-0.940822,0.294385,0,49.840542,0,1,1,1,1,1,
1.022479,-6.92244,192.059097,26.543535,-0.117927,-0.949213,0.291698,-0.175584,-0.269188,-0.946947,0.234953,0,64.460976,0,0,1,1,1,1,,0.973015,2.870872,151.72699,11.210668,-0.14936,-0.961576,0.230356,-0.295926,-0.17882,-0.938324,0.313885,0,49.409954,0,1,1,1,1,1,
1.02261,-9.662861,191.119034,25.137646,-0.119554,-0.948566,0.293138,-0.179579,-0.269725,-0.946044,0.255022,0,64.535164,0,0,1,1,1,1,,0.973121,-0.479935,150.467636,10.411662,-0.149345,-0.961143,0.232163,-0.306171,-0.178305,-0.935129,0.317221,0,49.036587,0,1,1,1,1,1,
1.022759,-16.672745,190.84407,22.757774,-0.141193,-0.94559,0.293128,-0.197214,-0.263294,-0.944343,0.25456,0,64.59478,0,0,1,1,1,1,,0.973245,-4.091499,148.48941,9.989267,-0.153218,-0.95796,0.242563,-0.323373,-0.183342,-0.92834,0.314277,0,49.12027,0,1,1,1,1,1,
1.022875,-23.067295,190.932266,20.546818,-0.151103,-0.945225,0.289339,-0.213665,-0.254551,-0.94316,0.297773,0,64.523125,0,0,1,1,1,1,,0.973347,-8.295441,145.99379,9.392186,-0.142646,-0.957286,0.251506,-0.340861,-0.191048,-0.920497,0.32178,0,49.62534,0,1,1,1,1,1,
1.022946,-29.937538,189.737457,17.791332,-0.157583,-0.941522,0.297831,-0.2295,-0.258424,-0.938375,0.319607,0,64.338425,0,0,1,1,1,1,,0.973463,-12.618053,143.944992,8.979065,-0.121572,-0.959224,0.255168,-0.35324,-0.198433,-0.914246,0.327788,0,49.880383,0,1,1,1,1,1,
1.023031,-36.948494,188.648941,14.552923,-0.154909,-0.940086,0.303713,-0.238087,-0.262839,-0.935003,0.382177,0,64.56514,0,0,1,1,1,1,,0.973603,-16.941849,143.122787,8.428681,-0.108281,-0.959635,0.259568,-0.365952,-0.204291,-0.907934,0.317711,0,48.048134,0,1,1,1,1,1,
1.023099,-43.674706,186.888123,10.394484,-0.138668,-0.942279,0.304765,-0.241441,-0.266287,-0.933165,0.461372,0,65.21891,0,0,1,1,1,1,,0.973744,-23.282581,143.353775,7.315412,-0.107915,-0.957412,0.2678,-0.386545,-0.207769,-0.898563,0.320818,0,49.040958,0,1,1,1,1,1,
1.023172,-50.504509,184.726791,5.583773,-0.112128,-0.946152,0.303685,-0.241804,-0.270446,-0.931874,0.529401,0,66.080551,0,0,1,1,1,1,,0.973865,-28.303185,143.77655,5.910375,-0.110642,-0.953527,0.280259,-0.402667,-0.214802,-0.889786,0.312434,0,49.484505,0,1,1,1,1,1,
1.023263,-59.54451,181.584549,-0.701195,-0.097895,-0.946222,0.308353,-0.243273,-0.277689,-0.929359,0.596065,0,67.8797,0,0,1,1,1,1,,0.974021,-33.456955,144.026627,4.025123,-0.116776,-0.94868,0.293887,-0.416929,-0.221747,-0.881475,0.343953,0,49.612507,0,1,1,1,1,1,
1.023328,-66.693672,179.78653,-6.468549,-0.106811,-0.945468,0.307704,-0.238469,-0.276082,-0.931081,0.770699,0,70.789024,0,0,1,1,1,1,,0.974141,-38.625031,144.7789,1.917635,-0.117091,-0.945757,0.303039,-0.428781,-0.227089,-0.874401,0.390091,0,50.031879,0,1,1,1,1,1,
1.023392,-70.816711,178.602295,-10.163725,-0.139765,-0.944613,0.296936,-0.234345,-0.259805,-0.936794,0.991231,0.075808,72.236267,0,0,1,1,1,1,,0.974242,-43.696701,145.980072,-0.30182,-0.112149,-0.946213,0.303486,-0.435309,-0.227766,-0.870993,0.426209,0,50.533485,0,1,1,1,1,1,
1.023458,-75.301003,177.713028,-13.708483,-0.149592,-0.945481,0.289289,-0.229865,-0.25131,-0.940216,1.173091,0.164956,71.570915,0,0,1,0,1,1,,0.974359,-48.443634,147.425461,-2.520372,-0.107795,-0.947273,0.301752,-0.442113,-0.226181,-0.867974,0.455785,0,51.418365,0,1,1,1,1,1,
1.023525,-82.153511,176.516464,-18.511377,-0.137012,-0.950144,0.280098,-0.225824,-0.245358,-0.942763,1.41905,0.321565,68.967239,0,0,1,0,0,1,,0.974468,-52.920525,148.672348,-4.809493,-0.106163,-0.946896,0.30351,-0.44765,-0.22704,-0.864906,0.482709,0,52.072834,0,1,1,1,1,1,
1.023607,-92.093994,173.696365,-25.537552,-0.11737,-0.956711,0.266325,-0.230592,-0.234594,-0.944348,1.671218,0.629121,67.765167,0.041149,0,0,0,0,0,,0.974578,-54.618446,148.630554,-5.974094,-0.119727,-0.944439,0.306105,-0.453508,-0.22225,-0.863097,0.49258,0,52.595337,0,1,1,1,1,1,
1.023751,-104.101341,169.594452,-31.145531,-0.062896,-0.961094,0.268965,-0.234455,-0.247728,-0.940033,1.699799,0.592582,69.896271,0.038836,0,0,0,0,0,,0.974689,-59.024986,150.287872,-7.703182,-0.121058,-0.943467,0.30857,-0.458796,-0.22248,-0.860238,0.534355,0,54.198959,0,1,1,1,1,1,
1.0239,-111.062431,168.129562,-34.118587,-0.052009,-0.958563,0.280093,-0.233602,-0.261014,-0.936644,1.533755,0.511104,80.397591,0.019219,0,1,0,0,1,,0.974874,-63.934364,152.502136,-9.408796,-0.131667,-0.941451,0.310378,-0.469046,-0.216668,-0.856184,0.554878,0,55.975456,0,1,1,1,1,1,
1.02744,-138.015594,141.125916,-41.71212,0.024411,-0.910466,0.412862,-0.301836,-0.400424,-0.865191,1.437025,0.165002,60.316471,0.325712,0,1,0,0,1,,0.975047,-68.833717,154.340759,-11.167026,-0.142559,-0.939129,0.312592,-0.481738,-0.210053,-0.850768,0.558443,0,56.652824,0,1,1,1,1,1,
1.027985,-139.717468,138.584503,-39.762333,0.008447,-0.902884,0.4298,-0.335269,-0.407495,-0.849437,1.706067,0.276707,50.472729,0.954469,0,1,0,0,0,,0.97517,-72.362152,155.123688,-12.60976,-0.153964,-0.937034,0.313467,-0.494658,-0.201534,-0.845398,0.55566,0,56.866005,0,1,1,1,1,1,
1.028432,-139.775513,134.268829,-38.762661,0.043532,-0.894818,0.444303,-0.348595,-0.430379,-0.83262,2.171112,0.4236,33.741089,1,0,1,0,0,0,,0.976176,-89.69445,157.869293,-17.152979,-0.143009,-0.939367,0.31167,-0.545351,-0.187998,-0.816853,0.466792,0,50.385532,0,1,1,1,1,1,
1.032343,-138.045441,132.911118,-39.422203,0.032962,-0.895415,0.444011,-0.346047,-0.426999,-0.835418,2.614392,0.877585,19.31786,1,0,0,0,0,0,,0.977122,-100.36483,156.105255,-18.519094,-0.150326,-0.940261,0.305468,-0.578659,-0.166841,-0.798322,0.620107,0,46.881939,0,1,1,1,1,1,
1.076224,-134.330261,132.382416,-39.819427,0.005293,-0.890087,0.455761,-0.309562,-0.434837,-0.845629,2.835666,1,9.183811,1,0,0,0,0,0,,1.000068,-104.601692,155.997757,-18.270668,-0.146719,-0.941446,0.303567,-0.589766,-0.163121,-0.790928,0.732153,0,46.354355,0.043989,1,1,1,1,1,
1.113994,-129.172974,133.895584,-39.277954,0.00317,-0.889198,0.457512,-0.265558,-0.441835,-0.85689,2.995077,1,4.286458,1,0,0,0,0,0,,1.039754,-107.023369,155.859375,-18.347931,-0.143342,-0.943086,0.300069,-0.597847,-0.159112,-0.785661,0.84351,0,44.432724,0.112578,0,1,1,1,1,
1.154661,-122.458565,138.633286,-38.190987,0.030128,-0.901169,0.43242,-0.244924,-0.426083,-0.870899,3.107473,1,5.476762,1,0,0,0,0,0,,1.077279,-110.279839,155.904556,-18.411304,-0.132225,-0.948272,0.288612,-0.603442,-0.153985,-0.782398,0.999586,0,43.391514,0.167691,0,1,0,1,1,
1.192049,-116.354454,143.396439,-37.132851,0.007481,-0.911298,0.411678,-0.218166,-0.40326,-0.888699,3.141593,1,12.766107,0.942416,0,0,0,0,0,,1.120723,-112.634651,155.047577,-18.678768,-0.106959,-0.954705,0.277666,-0.606118,-0.158765,-0.779368,1.143865,0,41.1726,0.245161,0,1,0,0,1,
1.218224,-109.469215,147.74791,-35.236156,-0.043601,-0.907591,0.417585,-0.184435,-0.403485,-0.896205,3.141593,1,17.530638,0.673777,0,0,0,0,0,,1.157564,-114.216515,153.769028,-19.418131,-0.074135,-0.962515,0.260899,-0.60227,-0.165307,-0.780989,1.266208,0.019473,38.964649,0.380043,0,1,0,0,1,
1.255528,-102.69355,153.925171,-33.202438,-0.108729,-0.905951,0.409184,-0.172868,-0.388121,-0.905251,3.141593,1,20.359848,0.573546,0,0,0,0,0,,1.193225,-114.980949,152.30513,-20.549139,-0.05752,-0.967073,0.247913,-0.598802,-0.165278,-0.783658,1.377499,0.101519,36.414593,0.5087,0,1,0,0,1,
1.282896,-96.241508,160.250717,-31.856037,-0.147815,-0.906519,0.395442,-0.170471,-0.370497,-0.913056,3.141593,1,20.057293,0.631741,0,0,0,0,0,,1.231492,-115.585899,151.200409,-21.095881,-0.055264,-0.969623,0.238281,-0.598903,-0.158758,-0.784927,1.530929,0.118629,33.233189,0.668521,0,1,0,0,1,
1.32792,-90.161636,165.841629,-30.526398,-0.162243,-0.905567,0.391951,-0.17676,-0.364117,-0.914426,3.141593,1,19.115561,0.672624,0,0,0,0,0,,1.263159,-115.774696,150.183197,-21.287016,-0.061223,-0.969736,0.236355,-0.599195,-0.153674,-0.785716,1.586442,0.094598,33.001202,0.824323,0,1,0,0,1,
1.347714,-83.529076,171.917679,-28.926733,-0.167536,-0.907809,0.384467,-0.184375,-0.354247,-0.916796,3.141593,1,18.057171,0.716322,0,0,0,0,0,,1.285236,-116.380241,148.567398,-21.185284,-0.063924,-0.965984,0.250578,-0.598735,-0.163757,-0.784028,1.603526,0.06209,29.373274,0.863913,0,1,0,0,0,
1.389641,-76.169785,179.075607,-27.844908,-0.121033,-0.935528,0.331873,-0.204078,-0.303737,-0.930643,3.141593,1,17.116076,0.768356,0,0,0,0,0,,1.333515,-117.271385,147.346954,-20.840553,-0.059395,-0.962732,0.263857,-0.599579,-0.176926,-0.780514,1.653636,0.077137,27.804047,0.880282,0,1,0,0,0,
1.428524,-68.375175,187.135406,-26.142458,-0.060489,-0.964405,0.257419,-0.239316,-0.236357,-0.941734,3.141593,1,15.847265,0.782662,0,0,0,0,0,,1.360105,-117.970467,146.608673,-20.710171,-0.060883,-0.961636,0.267486,-0.60249,-0.178252,-0.777967,1.718022,0.120424,28.675522,0.923992,0,1,0,0,0,
1.466739,-58.58252,196.261658,-24.098839,0.043176,-0.983348,0.176529,-0.277825,-0.181542,-0.943322,3.141593,1,16.41268,0.739451,0,0,0,0,0,,1.38331,-118.109154,144.680893,-20.006466,-0.073968,-0.95306,0.293606,-0.600675,-0.192437,-0.775988,1.787544,0.254987,29.649462,0.957259,0,1,0,0,0,
1.49582,-50.680954,203.223984,-21.793955,0.099434,-0.988709,0.112107,-0.294849,-0.136882,-0.945689,3.141593,1,14.525251,0.751988,0,0,0,0,0,,1.427834,-118.232597,143.231003,-19.685209,-0.079914,-0.949584,0.303155,-0.598817,-0.1974,-0.776177,1.862581,0.389269,26.931446,0.949607,0,1,0,0,0,
1.531577,-43.716698,208.405716,-19.139996,0.151667,-0.987294,0.047405,-0.308656,-0.092868,-0.946629,3.141593,1,13.123158,0.780034,0,0,0,0,0,,1.457487,-118.214867,141.604294,-18.863319,-0.080294,-0.947938,0.308165,-0.598243,-0.201459,-0.775577,1.984136,0.507284,22.861784,0.945687,0,0,0,0,0,
1.563469,-37.801086,212.409729,-16.669008,0.187872,-0.982167,0.007259,-0.315692,-0.067382,-0.946466,3.141593,1,12.127188,0.780635,0,0,0,0,0,,1.471336,-118.295982,139.753235,-17.451565,-0.079282,-0.943933,0.320475,-0.599051,-0.211847,-0.772178,2.053137,0.541268,18.536442,1,0,0,0,0,0,
1.606058,-32.603149,215.062622,-13.745285,0.190824,-0.981345,-0.023436,-0.319805,-0.039578,-0.946656,3.141593,1,11.402945,0.786268,0,0,0,0,0,,1.51821,-118.652855,138.475601,-16.533213,-0.074236,-0.940967,0.330258,-0.600427,-0.222243,-0.768177,2.142885,0.595647,15.968663,1,0,0,0,0,0,
1.630243,-28.580261,216.946442,-11.175875,0.190974,-0.980909,-0.036694,-0.322605,-0.027415,-0.946137,3.141593,1,10.452255,0.821163,0,0,0,0,0,,1.530466,-119.23838,137.915482,-14.813506,-0.066992,-0.939795,0.335108,-0.601974,-0.229777,-0.764742,2.231489,0.64992,15.720373,1,0,0,0,0,0,
1.677211,-24.959015,218.132935,-8.054308,0.18381,-0.981814,-0.04748,-0.325139,-0.015144,-0.945545,3.141593,1,10.123283,0.835596,0,0,0,0,0,,1.556665,-119.354424,137.461502,-13.431044,-0.062266,-0.938525,0.339549,-0.600662,-0.236461,-0.763735,2.295305,0.665222,15.473337,1,0,0,0,0,0,
1.70021,-21.158504,217.234406,-5.169402,0.184985,-0.981734,-0.044485,-0.325176,-0.018429,-0.945474,3.141593,1,9.852185,0.83372,0,0,0,0,0,,1.590486,-119.428459,136.935776,-12.388906,-0.061107,-0.935594,0.34775,-0.599228,-0.244242,-0.762412,2.341434,0.685934,14.989263,0.965385,0,0,0,0,0,
1.73042,-17.984562,216.153549,-2.650107,0.172738,-0.984544,-0.028901,-0.322948,-0.028893,-0.945976,3.141593,1,9.535441,0.852578,0,0,0,0,0,,1.620429,-119.020149,136.462051,-10.54719,-0.070071,-0.930349,0.359917,-0.595275,-0.250524,-0.763469,2.409222,0.716594,15.534681,0.864804,0,0,0,0,0,
1.770263,-16.072445,215.187439,-1.371231,0.154539,-0.987981,-0.003352,-0.320074,-0.046855,-0.946233,3.141593,1,9.187418,0.87585,0,0,0,0,0,,1.654593,-118.227898,136.43927,-9.618782,-0.084979,-0.926033,0.367753,-0.589214,-0.250932,-0.768023,2.478308,0.753849,16.706818,0.811059,0,0,0,0,0,
1.802115,-13.121952,213.635757,-0.244519,0.131225,-0.991271,0.0127,-0.312729,-0.053549,-0.948332,3.141593,1,8.833045,0.889399,0,0,0,0,0,,1.684757,-117.151772,136.332932,-8.756411,-0.107888,-0.920537,0.375462,-0.586741,-0.245919,-0.77153,2.555604,0.817632,16.566957,0.833162,0,0,0,0,0,
1.83523,-10.928986,212.503174,0.545612,0.120436,-0.992482,0.021793,-0.31069,-0.058533,-0.948707,3.141593,1,8.606202,0.895781,0,0,0,0,0,,1.714158,-115.773537,135.915817,-8.132117,-0.13475,-0.912634,0.385929,-0.587144,-0.2402,-0.773024,2.617917,0.852565,15.531577,0.873618,0,0,0,0,0,
1.855174,-10.296707,212.381546,1.039987,0.126635,-0.991722,0.021225,-0.311516,-0.060074,-0.94834,3.141593,1,8.726053,0.895267,0,0,0,0,0,,1.745786,-113.354134,135.037018,-7.584702,-0.15928,-0.904906,0.394684,-0.587387,-0.234459,-0.7746,2.713507,0.914023,12.16114,0.971797,0,0,0,0,0,
1.882271,-8.24604,211.783737,1.387031,0.116998,-0.992798,0.025757,-0.307863,-0.060914,-0.949479,3.141593,1,8.710193,0.901761,0,0,0,0,0,,1.763154,-109.213844,133.77066,-5.970393,-0.177998,-0.889996,0.41979,-0.58619,-0.246747,-0.771684,2.850395,0.996448,7.732173,1,0,0,0,0,0,
1.912455,-7.45237,211.767197,1.177792,0.118537,-0.992608,0.026054,-0.307918,-0.061692,-0.949411,3.141593,1,8.219513,0.907443,0,0,0,0,0,,1.791718,-108.118599,134.568741,-5.309417,-0.174906,-0.885412,0.430644,-0.586179,-0.25778,-0.768077,2.878872,1,7.314835,1,0,0,0,0,0,
1.957092,-6.717129,211.71611,0.994946,0.120263,-0.992403,0.025929,-0.308106,-0.062141,-0.94932,3.141593,1,8.011024,0.908739,0,0,0,0,0,,1.819468,-104.233604,134.242554,-4.315193,-0.19391,-0.868695,0.455815,-0.580375,-0.273018,-0.767219,2.995649,1,8.612082,1,0,0,0,0,0,
1.998453,-6.367195,211.252319,0.958447,0.12598,-0.991649,0.027576,-0.307607,-0.065476,-0.949258,3.141593,1,7.870492,0.913748,0,0,0,0,0,,1.844511,-101.094856,134.618317,-3.39749,-0.197444,-0.855968,0.477843,-0.571798,-0.295375,-0.765376,3.052555,1,10.185394,1,0,0,0,0,0,
2.020814,-6.813046,209.949173,1.508898,0.127145,-0.991321,0.033422,-0.308515,-0.071549,-0.948525,3.141593,1,7.940803,0.929488,0,0,0,0,0,,1.875136,-97.771126,136.689178,-2.711562,-0.202036,-0.839172,0.504948,-0.552909,-0.327828,-0.766042,3.111095,1,11.358685,1,0,0,0,0,0,
2.057332,-8.509052,206.333572,2.901495,0.115227,-0.991881,0.053795,-0.30899,-0.087259,-0.947054,3.141593,1,7.519636,0.952733,0,0,0,0,0,,1.917946,-94.756012,138.819992,-2.320903,-0.206215,-0.832321,0.514507,-0.539944,-0.34172,-0.769212,3.124588,1,11.704232,1,0,0,0,0,0,
2.089738,-9.854919,203.850403,4.505411,0.111184,-0.992045,0.059027,-0.311221,-0.091165,-0.945955,3.141593,1,7.609313,0.957708,0,0,0,0,0,,1.942632,-90.884705,142.839554,-2.178362,-0.201705,-0.835368,0.511346,-0.525027,-0.348514,-0.776456,3.092236,1,15.885304,1,0,0,0,0,0,
2.122116,-11.765102,199.937363,6.414018,0.105102,-0.991474,0.077029,-0.314432,-0.106616,-0.943274,3.141593,1,7.816944,0.946469,0,0,0,0,0,,1.983957,-87.32299,146.77356,-1.466694,-0.20446,-0.840706,0.501407,-0.521061,-0.340154,-0.782809,2.936799,0.96339,21.129791,0.972227,0,0,0,0,0,
2.145958,-11.929504,198.760452,7.787901,0.102651,-0.991631,0.078294,-0.314111,-0.106997,-0.943338,3.141593,1,8.592526,0.941787,0,0,0,0,0,,2.010141,-81.821671,149.195038,-0.572957,-0.231935,-0.844369,0.482956,-0.501967,-0.321387,-0.802957,2.738521,0.366819,22.138071,0.729146,0,1,0,0,0,
2.181114,-13.44276,195.497864,9.296659,0.081329,-0.992011,0.096435,-0.312648,-0.117264,-0.942603,3.141593,1,8.522388,0.95832,0,0,0,0,0,,2.048555,-76.618042,151.27948,-0.152301,-0.260519,-0.849151,0.459427,-0.489973,-0.293742,-0.820757,2.681002,0.181887,20.692942,0.648449,0,1,0,0,0,
2.203411,-14.16637,193.528168,10.367438,0.072154,-0.992131,0.10232,-0.312557,-0.119911,-0.9423,3.141593,1,8.77532,0.959449,0,0,0,0,0,,2.086032,-71.872345,153.587128,0.312094,-0.289298,-0.851815,0.436713,-0.477581,-0.266946,-0.837052,2.680952,0.097531,20.528831,0.614215,0,1,0,0,0,
2.235929,-15.243134,191.46434,11.145057,0.066238,-0.992238,0.105247,-0.311548,-0.120771,-0.942524,3.141593,1,8.779659,0.95804,0,0,0,0,0,,2.123063,-67.037895,154.608978,0.612577,-0.301373,-0.859957,0.411884,-0.468086,-0.242903,-0.849643,2.77313,0.275365,18.778854,0.850148,0,1,0,0,0,
2.262292,-16.391891,190.077118,11.776167,0.062817,-0.992213,0.107553,-0.311463,-0.121873,-0.942411,3.141593,1,8.703962,0.957589,0,0,0,0,0,,2.162368,-62.050117,155.791656,0.809015,-0.311945,-0.868302,0.385671,-0.455909,-0.219339,-0.862576,3.017561,0.886712,14.726551,1,0,0,0,0,0,
2.302354,-17.026833,189.32724,12.238678,0.053687,-0.992136,0.113068,-0.309135,-0.124182,-0.942876,3.141593,1,8.840037,0.954634,0,0,0,0,0,,2.189544,-57.381149,155.883621,0.967993,-0.310017,-0.877479,0.365951,-0.446759,-0.205314,-0.870777,3.135165,1,19.239038,0.999776,0,0,0,0,0,
2.333949,-17.755669,189.030746,12.52871,0.046658,-0.992046,0.116909,-0.307734,-0.125619,-0.943144,3.141593,1,8.941638,0.954399,0,0,0,0,0,,2.230677,-53.352821,155.066254,1.605976,-0.320073,-0.875994,0.360816,-0.447413,-0.19594,-0.872599,3.141593,1,16.413744,1,0,0,0,0,0,
2.348406,-18.138409,189.191849,12.684555,0.035753,-0.991718,0.123356,-0.30487,-0.128374,-0.943703,3.141593,1,9.100045,0.954192,0,0,0,0,0,,2.256225,-50.685547,154.344803,2.92249,-0.329615,-0.871511,0.363073,-0.461831,-0.186575,-0.867123,3.141593,1,12.987062,1,0,0,0,0,0,
2.388443,-18.243355,189.523178,12.430766,0.030329,-0.991577,0.125918,-0.302627,-0.129173,-0.944315,3.141593,1,9.124509,0.95286,0,0,0,0,0,,2.297307,-47.515228,151.717239,4.129063,-0.332054,-0.866952,0.371665,-0.471819,-0.18853,-0.861303,3.141593,1,11.149233,1,0,0,0,0,0,
2.415297,-17.990059,190.171692,11.879923,0.023362,-0.991105,0.131012,-0.299256,-0.131972,-0.945002,3.141593,1,8.973982,0.956435,0,0,0,0,0,,2.335803,-45.27639,148.738525,5.216102,-0.345562,-0.851699,0.393949,-0.480508,-0.200001,-0.853881,3.141593,1,10.133622,1,0,0,0,0,0,
2.462155,-17.630531,190.563644,11.251331,0.019036,-0.990611,0.135378,-0.297478,-0.134882,-0.945153,3.141593,1,8.859057,0.952613,0,0,0,0,0,,2.373298,-43.223274,145.660675,6.815133,-0.371844,-0.82403,0.427442,-0.484759,-0.220321,-0.846444,3.101449,1,8.656796,1,0,0,0,0,0,
2.482087,-17.163464,191.045685,10.634426,0.019672,-0.99041,0.136748,-0.297139,-0.136386,-0.945043,3.141593,1,8.8607,0.948331,0,0,0,0,0,,2.41147,-40.316818,142.198502,9.750819,-0.387182,-0.793833,0.468956,-0.486625,-0.256071,-0.835239,3.015752,1,8.769567,1,0,0,0,0,0,
2.525335,-16.784763,191.358276,10.044639,0.020907,-0.990108,0.138738,-0.296859,-0.138657,-0.944801,3.141593,1,8.864004,0.944367,0,0,0,0,0,,2.441346,-38.71376,140.660248,12.109681,-0.393712,-0.778329,0.489075,-0.502674,-0.263153,-0.823449,2.9379,0.997899,12.119439,1,0,0,0,0,0,
2.550996,-16.44038,191.619095,9.534763,0.023138,-0.989941,0.139575,-0.296628,-0.140123,-0.944657,3.141593,1,8.816105,0.943736,0,0,0,0,0,,2.481677,-37.21611,139.319382,13.922565,-0.401101,-0.7681,0.49914,-0.50984,-0.265506,-0.818273,2.859553,0.81408,16.911873,1,0,0,0,0,0,
2.594753,-16.248192,191.592117,9.116365,0.025114,-0.989757,0.140538,-0.295924,-0.141642,-0.944652,3.141593,1,8.798435,0.943627,0,0,0,0,0,,2.517894,-35.46389,138.230392,15.865199,-0.410635,-0.759223,0.504934,-0.510864,-0.267123,-0.817107,2.787585,0.690198,20.587885,0.954081,0,0,0,0,0,
2.633561,-16.214729,191.371933,8.83103,0.025468,-0.989376,0.14313,-0.295411,-0.144231,-0.94442,3.141593,1,8.809994,0.9435,0,0,0,0,0,,2.546789,-34.03344,137.731186,17.608974,-0.428769,-0.748429,0.505976,-0.509875,-0.261868,-0.819422,2.752849,0.684478,22.619493,0.895005,0,0,0,0,0,
2.661533,-16.422024,190.656723,8.852787,0.02681,-0.988238,0.150554,-0.295039,-0.151722,-0.943362,3.141593,1,8.821282,0.943361,0,0,0,0,0,,2.576719,-31.779888,137.253143,19.361813,-0.456184,-0.728592,0.51093,-0.492711,-0.271315,-0.826816,2.727051,0.767746,23.872395,0.884055,0,0,0,0,0,
2.700132,-16.547062,190.002686,8.962132,0.024575,-0.987186,0.157669,-0.293852,-0.157882,-0.942722,3.141593,1,8.812135,0.944871,0,0,0,0,0,,2.606064,-30.127666,136.923737,20.268368,-0.482031,-0.709681,0.513808,-0.48544,-0.271867,-0.830925,2.729728,0.803988,23.125763,0.913333,0,0,0,0,0,
2.728678,-16.567486,189.034012,9.161818,0.022355,-0.986052,0.164926,-0.292769,-0.164192,-0.94198,3.141593,1,8.755689,0.949335,0,0,0,0,0,,2.65108,-28.298393,136.582809,20.895018,-0.512345,-0.683533,0.51989,-0.477053,-0.276855,-0.834129,2.756232,0.88152,21.238337,0.972987,0,0,0,0,0,
2.754695,-16.509399,188.017593,9.477715,0.017549,-0.984779,0.172925,-0.290554,-0.170511,-0.941544,3.141593,1,8.598853,0.955587,0,0,0,0,0,,2.667683,-26.399609,136.268158,20.866842,-0.550602,-0.653418,0.519502,-0.459952,-0.281871,-0.842017,2.805006,1,17.546291,1,0,0,0,0,0,
2.770627,-16.443169,187.123642,9.766424,0.014641,-0.983385,0.180939,-0.288989,-0.177397,-0.940753,3.141593,1,8.440109,0.959174,0,0,0,0,0,,2.700003,-24.950546,136.260193,20.579987,-0.578576,-0.632185,0.515356,-0.444216,-0.28568,-0.849152,2.836344,1,15.185201,1,0,0,0,0,0,
2.802378,-16.348831,186.399048,9.944808,0.011178,-0.982139,0.187825,-0.287709,-0.183052,-0.940062,3.141593,1,8.291138,0.964376,0,0,0,0,0,,2.740911,-22.788361,136.591629,20.246155,-0.608746,-0.609046,0.508421,-0.423374,-0.292584,-0.857408,2.878964,1,12.435576,1,0,0,0,0,0,
,,,,,,,,,,,,,,,,,,,,2.781098,-20.340656,137.673492,19.654741,-0.647594,-0.577293,0.497348,-0.398103,-0.300205,-0.866828,2.908601,1,10.455732,1,0,0,0,0,0,
,,,,,,,,,,,,,,,,,,,,,,,,,,,,,,,,,,,,,,,
,,,,,,,,,,,,,,,,,,,,,,,,,,,,,,,,,,,,,,,
,,,,,,,,,,,,,,,,,,,,,,,,,,,,,,,,,,,,,,,
0.52455,-34.566071,210.546341,-3.039393,-0.076272,-0.962347,0.260904,-0.182547,-0.243766,-0.952499,0.263207,0,72.31781,0,1,1,1,1,1,,,,,,,,,,,,,,,,,,,,,
1.151451,-36.096527,209.952713,-3.425229,-0.089673,-0.960399,0.263802,-0.18809,-0.243773,-0.951418,0.299819,0,72.145538,0,1,1,1,1,1,,,,,,,,,,,,,,,,,,,,,
1.15163,-37.812798,208.8909,-3.943626,-0.094581,-0.958836,0.267745,-0.191799,-0.246361,-0.95001,0.32582,0,71.943375,0,1,1,1,1,1,,0.492907,-78.913727,162.125854,-14.901919,-0.335659,-0.869911,0.36137,-0.425572,-0.202201,-0.882045,1.028154,0,44.353416,0.095828,1,1,1,1,1,
1.151775,-39.459663,207.780029,-4.587532,-0.095371,-0.958188,0.26978,-0.193845,-0.24795,-0.949181,0.343252,0,71.870033,0,0,1,1,1,1,,1.058371,-85.118042,163.692886,-15.275284,-0.326652,-0.870067,0.369164,-0.438811,-0.20633,-0.87457,1.036245,0,44.298454,0.109527,1,1,1,1,1,
1.151876,-41.816391,206.426849,-5.760814,-0.095528,-0.958093,0.270059,-0.200079,-0.247282,-0.948061,0.385025,0,71.802467,0,0,1,1,1,1,,1.059606,-89.67379,164.648453,-15.694145,-0.318256,-0.869638,0.377415,-0.447798,-0.212997,-0.868394,1.042406,0,43.788074,0.133576,1,1,1,1,1,
1.151977,-44.133507,204.962067,-7.036473,-0.096728,-0.95769,0.271058,-0.203683,-0.247525,-0.94723,0.417282,0,71.574692,0,0,1,1,1,1,,1.060166,-92.533913,165.000458,-16.271816,-0.313296,-0.870603,0.379336,-0.455126,-0.212934,-0.864592,1.066477,0,43.495659,0.148879,1,1,1,1,1,
1.152079,-45.66777,203.265106,-7.88599,-0.109201,-0.955438,0.27425,-0.212503,-0.247082,-0.945406,0.431496,0,71.439171,0,0,1,1,1,1,,1.062105,-95.975983,165.410934,-16.738001,-0.306041,-0.871151,0.383973,-0.461715,-0.216899,-0.860101,1.075353,0,42.99902,0.169396,1,1,1,1,1,
1.152218,-48.645523,200.118439,-9.978743,-0.130179,-0.952211,0.27631,-0.224076,-0.243216,-0.943735,0.460014,0,71.127258,0,0,1,1,1,1,,1.06234,-99.39344,165.533829,-17.236042,-0.299204,-0.872261,0.38683,-0.467278,-0.219521,-0.856424,1.105304,0,42.110443,0.202783,1,1,1,1,1,
1.152332,-50.39682,197.564453,-11.193453,-0.134226,-0.952394,0.273733,-0.231009,-0.238549,-0.943255,0.472452,0,70.828804,0,0,1,1,1,1,,1.06282,-102.619896,165.216858,-17.80011,-0.289177,-0.873802,0.390956,-0.474775,-0.22372,-0.851198,1.154566,0,41.232086,0.239832,1,1,1,0,1,
1.152437,-53.220787,195.100998,-12.672271,-0.137065,-0.952988,0.270235,-0.237478,-0.23324,-0.942976,0.508853,0,70.862915,0,0,1,1,1,1,,1.063244,-104.761833,164.619385,-18.345385,-0.28736,-0.872149,0.395955,-0.482597,-0.225249,-0.846383,1.190621,0,40.624378,0.267545,1,1,1,0,1,
1.152587,-56.458366,192.589493,-14.061493,-0.137811,-0.953954,0.266421,-0.245027,-0.22779,-0.942376,0.533935,0,71.104263,0,0,1,1,1,1,,1.063945,-107.137459,164.221252,-18.737411,-0.280624,-0.872125,0.40081,-0.487719,-0.230093,-0.842133,1.239608,0.027899,40.029625,0.306607,1,1,0,0,1,
1.152704,-60.011734,190.25882,-15.570011,-0.133512,-0.956355,0.259923,-0.250274,-0.221234,-0.942559,0.566492,0,71.082344,0,0,1,1,1,1,,1.064222,-108.999016,164.053345,-18.873417,-0.278963,-0.869289,0.408064,-0.491044,-0.236051,-0.838544,1.264551,0.057306,39.702915,0.324227,1,1,0,0,1,
1.152812,-64.131958,187.817444,-17.166752,-0.126516,-0.957935,0.257592,-0.255855,-0.219379,-0.941494,0.589702,0,70.91803,0,0,1,1,1,1,,1.064731,-110.843941,163.917557,-18.95849,-0.272241,-0.868921,0.413353,-0.493362,-0.242765,-0.83526,1.314037,0.096837,38.924419,0.359571,1,1,0,0,1,
1.152923,-68.728767,184.949783,-18.71792,-0.125558,-0.958106,0.257428,-0.263918,-0.217874,-0.939616,0.61931,0,70.813278,0,0,1,1,1,1,,1.064955,-112.452904,163.87616,-19.006044,-0.266189,-0.868702,0.417733,-0.4944,-0.248981,-0.832813,1.347498,0.118866,38.294014,0.388273,1,1,0,0,1,
1.153024,-73.66275,182.352951,-20.426132,-0.122607,-0.958482,0.257448,-0.27196,-0.217028,-0.937516,0.672224,0,70.929619,0,0,1,1,1,1,,1.067978,-115.099922,164.421509,-19.037718,-0.262492,-0.868859,0.41974,-0.494807,-0.252247,-0.831587,1.418355,0.11751,35.689537,0.519417,0,1,0,0,0,
1.153126,-75.63633,181.661972,-20.298656,-0.136134,-0.954486,0.265375,-0.279256,-0.220035,-0.934666,0.651326,0,70.346588,0,0,1,1,1,1,,1.068038,-116.529091,164.193481,-19.172216,-0.259827,-0.869613,0.419836,-0.495164,-0.253276,-0.831062,1.463169,0.135379,34.020088,0.601296,0,1,0,0,0,
1.153257,-81.925644,179.700333,-22.503464,-0.123187,-0.956421,0.264734,-0.28671,-0.22109,-0.932157,0.678079,0,70.251556,0,0,1,1,1,1,,1.068234,-117.715294,163.851929,-19.359177,-0.256451,-0.870405,0.420272,-0.49617,-0.254602,-0.830056,1.498647,0.153683,31.926172,0.661324,0,0,0,0,0,
1.153399,-86.247566,177.594803,-23.657719,-0.113168,-0.957054,0.26691,-0.295156,-0.224126,-0.92879,0.658212,0,70.195328,0,0,1,1,1,1,,1.068416,-118.593697,163.470337,-19.475035,-0.254725,-0.870802,0.420499,-0.497985,-0.254625,-0.828961,1.531446,0.157621,30.186024,0.711091,0,0,0,0,0,
1.156705,-139.138397,153.662689,-41.21286,0.027148,-0.969355,0.244159,-0.269334,-0.24231,-0.932065,1.796041,0,40.778557,0.805275,0,0,0,0,1,,1.0686,-119.384315,163.072723,-19.59483,-0.253776,-0.871505,0.419616,-0.499722,-0.253308,-0.82832,1.565616,0.168992,28.758293,0.752037,0,0,0,0,0,
1.167223,-140.673492,151.403412,-41.009918,0.060586,-0.965538,0.253111,-0.272977,-0.259937,-0.926238,2.07909,0.144572,25.041447,1,0,0,0,0,1,,1.068726,-120.111885,162.849777,-19.660625,-0.253444,-0.872005,0.418775,-0.501251,-0.251876,-0.827832,1.592857,0.175834,29.418034,0.763344,0,0,0,0,0,
1.167438,-141.088165,148.034363,-40.221054,0.140942,-0.949663,0.279779,-0.277269,-0.309154,-0.909695,2.305975,0.407886,14.074789,1,0,0,0,0,0,,1.068841,-120.406731,162.828644,-19.691633,-0.258742,-0.873664,0.412024,-0.506205,-0.240647,-0.828158,1.682128,0.232635,28.608038,0.897949,0,0,0,0,0,
1.167567,-141.676422,148.114716,-42.419537,0.154671,-0.949088,0.274425,-0.274657,-0.308124,-0.910837,2.574183,0.805066,7.092309,1,0,0,0,0,0,,1.069095,-120.276756,162.591263,-19.814312,-0.261067,-0.874946,0.407816,-0.510848,-0.233239,-0.827426,1.733036,0.25377,27.488411,0.96597,0,0,0,0,0,
1.167693,-141.883331,148.540085,-44.14999,0.15184,-0.950381,0.271516,-0.273652,-0.304384,-0.912395,2.716195,0.956584,5.990915,1,0,0,0,0,0,,1.069216,-119.929878,162.442444,-20.108662,-0.26166,-0.875235,0.406813,-0.516486,-0.229092,-0.825081,1.786087,0.274813,25.969618,1,0,0,0,0,0,
1.167804,-141.136841,149.298157,-46.708691,0.151355,-0.956741,0.248472,-0.265107,-0.281449,-0.922228,2.870634,1,6.764199,1,0,0,0,0,0,,1.069506,-119.183891,162.088852,-20.263418,-0.263414,-0.873377,0.409666,-0.522296,-0.22792,-0.821742,1.813701,0.306079,24.818268,1,0,0,0,0,0,
1.168514,-140.488586,150.601288,-48.309277,0.148907,-0.959194,0.240363,-0.255871,-0.27217,-0.927606,2.890915,1,9.234069,1,0,0,0,0,0,,1.069692,-118.361061,161.216431,-20.486046,-0.266852,-0.865896,0.423101,-0.532345,-0.233528,-0.813679,1.896315,0.396527,22.31263,1,0,0,0,0,0,
1.169279,-138.578796,154.491226,-49.093018,0.126664,-0.966859,0.221675,-0.232712,-0.246202,-0.940867,2.905518,1,14.571307,1,0,0,0,0,0,,1.069812,-117.139961,159.799927,-19.943434,-0.264948,-0.857326,0.441356,-0.556478,-0.237857,-0.796089,2.019479,0.550625,20.034843,1,0,0,0,0,0,
1.170162,-136.030762,157.262711,-49.599049,0.115252,-0.976192,0.183755,-0.225587,-0.205876,-0.952222,3.025684,1,19.499374,1,0,0,0,0,0,,1.069935,-116.183449,158.969696,-19.634499,-0.269364,-0.846698,0.458852,-0.571742,-0.242809,-0.78368,2.100712,0.637939,18.689743,1,0,0,0,0,0,
1.172211,-129.407867,164.014099,-48.773804,0.05277,-0.98878,0.139751,-0.225803,-0.148136,-0.962844,3.141593,1,21.609211,0.681571,0,0,0,0,0,,1.070118,-114.323372,156.74614,-18.051716,-0.282947,-0.806027,0.519866,-0.595184,-0.277481,-0.754162,2.233779,0.78731,19.097586,1,0,0,0,0,0,
1.172646,-126.330757,165.472839,-47.640942,0.015778,-0.98681,0.161109,-0.222851,-0.160547,-0.961542,3.141593,1,21.819664,0.675734,0,0,0,0,0,,1.077037,-111.873573,154.108871,-15.924788,-0.268134,-0.777541,0.568801,-0.614857,-0.316415,-0.72238,2.271454,0.670204,21.137209,1,0,0,0,0,0,
1.189278,-123.126122,167.037552,-46.537563,-0.015135,-0.985555,0.168675,-0.221393,-0.161204,-0.961768,3.141593,1,22.566532,0.641669,0,0,0,0,0,,1.082248,-109.569267,152.282364,-14.029319,-0.246193,-0.759084,0.602644,-0.619217,-0.355154,-0.700311,2.306738,0.484709,25.07649,0.940601,0,0,0,0,0,
1.218851,-119.843864,168.972092,-45.401688,-0.043575,-0.985996,0.160975,-0.223024,-0.147461,-0.963595,3.141593,1,22.810215,0.631301,0,0,0,0,0,,1.082931,-107.129616,149.996475,-11.83664,-0.229016,-0.733207,0.64028,-0.612525,-0.402669,-0.680199,2.339606,0.390759,24.559422,0.844101,0,1,0,0,0,
1.250864,-116.209969,170.646545,-44.201488,-0.058227,-0.985297,0.16062,-0.220941,-0.144185,-0.96457,3.141593,1,24.179737,0.582639,1,0,0,0,0,,1.083358,-105.430687,148.498093,-10.346193,-0.220238,-0.718266,0.659991,-0.604321,-0.430644,-0.67033,2.369328,0.383925,22.761654,0.787499,0,1,0,0,0,
1.297556,-112.670967,172.799408,-43.298038,-0.069807,-0.983415,0.167398,-0.216126,-0.148912,-0.964943,3.141593,1,25.066324,0.555311,1,0,0,0,0,,1.084835,-103.261452,147.410004,-8.20943,-0.233426,-0.698938,0.676017,-0.59585,-0.446588,-0.667474,2.384434,0.353352,22.270784,0.74621,0,1,0,0,0,
1.31902,-108.519508,174.711502,-42.229313,-0.078121,-0.982305,0.170217,-0.208831,-0.150827,-0.966251,3.141593,1,25.115284,0.543494,1,0,0,0,0,,1.093523,-101.142204,147.346725,-5.94194,-0.245448,-0.688271,0.68267,-0.58574,-0.455832,-0.670169,2.372723,0.316298,23.655437,0.676589,0,1,0,0,0,
1.351232,-104.203468,176.608566,-41.21917,-0.087488,-0.981607,0.169688,-0.201957,-0.149326,-0.967944,3.141593,1,25.489614,0.519905,1,0,0,0,0,,1.094914,-90.624519,147.94487,-4.253992,-0.413632,-0.625941,0.661141,-0.506901,-0.444882,-0.73833,2.446116,0.508253,27.826015,0.711287,0,1,0,0,0,
1.380234,-100.177544,178.530426,-40.419056,-0.099523,-0.980235,0.170979,-0.196988,-0.149022,-0.969014,3.141593,1,26.202984,0.503467,1,0,0,0,0,,1.095059,-84.704346,148.722824,-4.19796,-0.511405,-0.591726,0.623158,-0.452758,-0.430815,-0.780647,2.508855,0.599943,28.142696,0.803307,0,0,0,0,0,
1.416625,-97.636848,180.776642,-39.943996,-0.108513,-0.978371,0.176111,-0.195751,-0.152659,-0.968699,3.141593,1,26.003515,0.508989,1,0,0,0,0,,1.095865,-78.526314,148.182755,-4.736793,-0.595326,-0.557207,0.578884,-0.394964,-0.424469,-0.814757,2.604676,0.597809,27.220844,0.854273,0,0,0,0,0,
1.447466,-92.608124,183.056992,-38.985394,-0.107759,-0.979035,0.172853,-0.195233,-0.149641,-0.969274,3.141593,1,25.299797,0.55435,1,0,0,0,0,,1.115339,-73.223152,147.453339,-5.193105,-0.651354,-0.526329,0.54655,-0.354231,-0.426066,-0.832459,2.712256,0.67255,24.698709,0.859566,0,0,0,0,0,
1.466469,-88.052765,185.759979,-38.169319,-0.111547,-0.980588,0.161259,-0.194804,-0.137547,-0.97115,3.141593,1,25.0306,0.558395,1,0,0,0,0,,1.163378,-68.270782,146.294998,-5.314066,-0.694684,-0.493889,0.52296,-0.325055,-0.433013,-0.840737,2.784701,0.708199,22.613024,0.921425,0,0,0,0,0,
1.497046,-86.471985,187.788574,-37.851364,-0.112376,-0.982125,0.151002,-0.194549,-0.127277,-0.9726,3.141593,1,24.831537,0.546713,1,0,0,0,0,,1.195196,-63.412605,144.935684,-5.396536,-0.729882,-0.456645,0.508672,-0.307514,-0.445244,-0.840948,2.878352,0.798968,17.791695,1,0,0,0,0,0,
1.537712,-81.902679,189.630051,-36.965954,-0.113834,-0.98275,0.145752,-0.192687,-0.122081,-0.973636,3.141593,1,24.304207,0.602138,1,0,0,0,0,,1.237095,-58.86039,144.789856,-5.703979,-0.746002,-0.443041,0.497188,-0.294079,-0.450687,-0.842852,2.921452,0.90991,15.573188,1,0,0,0,0,0,
1.563999,-77.671486,192.161377,-36.250771,-0.118389,-0.982309,0.145099,-0.193474,-0.120506,-0.973677,3.141593,1,23.167419,0.637055,1,0,0,0,0,,1.2641,-54.896141,145.42395,-6.114756,-0.753109,-0.442394,0.486944,-0.284119,-0.448873,-0.847225,2.963821,1,13.413692,1,0,0,0,0,0,
1.591346,-73.346336,194.656525,-35.578014,-0.122279,-0.981846,0.145002,-0.194627,-0.11954,-0.973566,3.141593,1,22.60305,0.625174,1,0,0,0,0,,1.303469,-50.55629,147.441849,-6.38263,-0.755689,-0.45629,0.469823,-0.271223,-0.434927,-0.858648,2.980359,1,10.852375,1,0,0,0,0,0,
1.621166,-68.481117,196.948181,-34.562546,-0.124542,-0.981381,0.146223,-0.190572,-0.120967,-0.974192,3.141593,1,22.401243,0.615533,1,0,0,0,0,,1.339339,-47.303558,148.966034,-7.053891,-0.759396,-0.470108,0.449795,-0.256885,-0.418519,-0.871121,2.99663,1,9.4357,1,0,0,0,0,0,
1.65266,-64.646965,198.920822,-33.746925,-0.134266,-0.980508,0.143447,-0.183961,-0.117578,-0.975876,3.141593,1,22.540165,0.60734,1,0,0,0,0,,1.377598,-44.319931,150.401901,-7.80658,-0.75672,-0.483151,0.440387,-0.251558,-0.406571,-0.878305,2.989395,1,10.154799,1,0,0,0,0,0,
1.694527,-60.460556,200.943665,-32.593147,-0.149891,-0.976738,0.153349,-0.181899,-0.125211,-0.975313,3.141593,1,21.720175,0.653327,1,0,0,0,0,,1.417534,-41.548752,151.748001,-8.489827,-0.755803,-0.49106,0.433152,-0.247301,-0.398443,-0.883224,2.981391,1,10.576012,1,0,0,0,0,0,
1.720532,-55.682686,203.362793,-31.186436,-0.163313,-0.974667,0.15282,-0.174125,-0.123992,-0.976886,3.141593,1,20.833563,0.709064,1,0,0,0,0,,1.453874,-38.233101,153.365585,-9.569524,-0.750063,-0.505257,0.426757,-0.243192,-0.389353,-0.888404,2.983891,1,11.187639,1,0,0,0,0,0,
1.739129,-51.205193,205.668228,-29.46129,-0.181153,-0.971144,0.15512,-0.170063,-0.124419,-0.977547,3.141593,1,20.028925,0.751788,1,0,0,0,0,,1.498014,-34.451805,154.718277,-10.68627,-0.746482,-0.516419,0.419614,-0.238512,-0.381046,-0.893261,3.002462,1,11.369916,1,0,0,0,0,0,
1.779569,-47.946114,207.17247,-28.303679,-0.198419,-0.967047,0.159532,-0.164722,-0.127551,-0.978058,3.141593,1,19.460117,0.764039,1,0,0,0,0,,1.535192,-31.343262,156.264038,-11.305887,-0.7421,-0.52647,0.414869,-0.233904,-0.376634,-0.896346,3.017433,1,11.2686,1,0,0,0,0,0,
1.795431,-43.564095,209.184143,-26.277597,-0.211673,-0.963833,0.161928,-0.158525,-0.129629,-0.978809,3.141593,1,18.588743,0.826813,0,0,0,0,0,,1.560079,-28.398735,157.292053,-11.849739,-0.739293,-0.53223,0.412526,-0.232423,-0.373284,-0.898131,3.025089,1,10.29437,1,0,0,0,0,0,
1.813027,-40.036041,210.262299,-24.505329,-0.226007,-0.959844,0.166196,-0.152163,-0.13373,-0.979266,3.141593,1,18.180241,0.851909,0,0,0,0,0,,1.597967,-25.592735,158.01593,-12.197272,-0.735852,-0.53784,0.4114,-0.232005,-0.370526,-0.89938,3.032759,1,9.825057,1,0,0,0,0,0,
1.854915,-36.96801,211.708801,-23.120018,-0.230434,-0.959385,0.16273,-0.149319,-0.130388,-0.980155,3.141593,1,17.826117,0.877128,0,0,0,0,0,,1.639929,-22.736809,158.749405,-12.094718,-0.731553,-0.544727,0.410003,-0.232038,-0.366542,-0.901002,3.021618,1,9.913394,1,0,0,0,0,0,
1.881483,-32.907288,212.479355,-20.947107,-0.238037,-0.95674,0.167291,-0.147754,-0.134567,-0.979827,3.141593,1,17.340918,0.901371,0,0,0,0,0,,1.66492,-19.214787,159.704208,-11.803763,-0.715537,-0.566675,0.408517,-0.23106,-0.359888,-0.903931,3.003849,1,10.338719,1,0,0,0,0,0,
1.927047,-29.538929,213.080582,-19.33857,-0.238427,-0.95688,0.165929,-0.145017,-0.133862,-0.980332,3.141593,1,16.677847,0.913129,0,0,0,0,0,,1.709923,-16.376083,160.511658,-11.36192,-0.707047,-0.578991,0.406022,-0.229902,-0.354765,-0.906249,2.994684,1,10.151821,1,0,0,0,0,0,
1.938815,-25.690212,213.133911,-17.355827,-0.237396,-0.956706,0.168394,-0.14358,-0.136888,-0.980126,3.141593,1,16.729023,0.895196,0,0,0,0,0,,1.740101,-13.937962,161.066681,-10.850423,-0.704289,-0.583154,0.404857,-0.22762,-0.354687,-0.906855,2.993544,1,10.029553,1,0,0,0,0,0,
1.973345,-21.829388,213.083908,-15.275276,-0.227514,-0.959621,0.165424,-0.140379,-0.135783,-0.980743,3.141593,1,16.980089,0.868049,0,0,0,0,0,,1.7762,-11.346184,161.369476,-10.182117,-0.70302,-0.586841,0.401722,-0.224795,-0.352544,-0.908394,3.001309,1,9.847995,1,0,0,0,0,0,
2.015545,-18.112144,213.062881,-13.301501,-0.216666,-0.963086,0.159756,-0.138013,-0.131782,-0.981624,3.141593,1,17.41102,0.848892,0,0,0,0,0,,1.808362,-9.80426,161.702866,-9.760376,-0.702615,-0.589319,0.398792,-0.221592,-0.35136,-0.909639,3.007399,1,9.608747,1,0,0,0,0,0,
2.057844,-14.818424,212.510986,-11.495663,-0.208158,-0.964814,0.160637,-0.137724,-0.133685,-0.981407,3.141593,1,17.302048,0.850588,0,0,0,0,0,,1.841161,-8.031052,161.848495,-9.199718,-0.703272,-0.589585,0.397238,-0.22058,-0.350225,-0.910322,3.021841,1,9.355461,1,0,0,0,0,0,
2.081262,-11.939144,212.478683,-10.051244,-0.201474,-0.966864,0.156787,-0.13522,-0.131081,-0.982107,3.141593,1,17.157059,0.857722,0,0,0,0,0,,1.88399,-6.66309,162.09729,-8.71909,-0.707688,-0.586574,0.393838,-0.217799,-0.349162,-0.9114,3.023695,1,9.193891,1,0,0,0,0,0,
2.11334,-9.344837,212.606079,-8.805203,-0.187832,-0.970722,0.149728,-0.134854,-0.125511,-0.982884,3.141593,1,16.83676,0.859111,0,0,0,0,0,,1.920986,-5.293297,162.335297,-8.148306,-0.711618,-0.584645,0.389601,-0.214408,-0.347366,-0.912889,3.027429,1,9.304874,1,0,0,0,0,0,
2.151937,-7.702126,212.601028,-7.951977,-0.180267,-0.972307,0.14874,-0.132944,-0.125745,-0.983114,3.141593,1,16.9223,0.867583,0,0,0,0,0,,1.946987,-4.415707,162.404861,-7.710842,-0.715898,-0.583167,0.383935,-0.2086,-0.346128,-0.914703,3.031898,1,9.623362,1,0,0,0,0,0,
2.178977,-6.151169,212.534485,-7.120291,-0.178594,-0.972626,0.148671,-0.131291,-0.126191,-0.983279,3.141593,1,16.973124,0.870146,0,0,0,0,0,,1.997859,-3.879559,162.50087,-7.422374,-0.717748,-0.582108,0.382084,-0.206965,-0.345582,-0.915281,3.032218,1,9.849072,1,0,0,0,0,0,
2.204341,-5.136284,212.488937,-6.820257,-0.182913,-0.971514,0.150676,-0.127039,-0.12862,-0.983523,3.141593,1,16.91497,0.877023,0,0,0,0,0,,2.026069,-3.695297,162.917725,-7.17691,-0.718333,-0.581964,0.381203,-0.206685,-0.344682,-0.915683,3.029135,1,10.119337,1,0,0,0,0,0,
2.244492,-4.171852,212.632309,-6.484931,-0.183734,-0.971282,0.15117,-0.125307,-0.12939,-0.983645,3.141593,1,16.931839,0.877413,0,0,0,0,0,,2.061093,-3.606064,163.25325,-7.058819,-0.718189,-0.582403,0.380804,-0.206443,-0.344279,-0.915889,3.028017,1,10.276769,1,0,0,0,0,0,
2.273688,-3.611443,213.247482,-6.382042,-0.185201,-0.971011,0.151123,-0.123142,-0.12964,-0.983885,3.141593,1,17.120468,0.868332,0,0,0,0,0,,2.099466,-3.486412,163.762512,-7.078288,-0.719786,-0.579684,0.381934,-0.207738,-0.345105,-0.915285,3.023442,1,10.375762,1,0,0,0,0,0,
2.316908,-3.196434,213.99968,-6.209895,-0.18675,-0.97065,0.151534,-0.122738,-0.129986,-0.98389,3.141593,1,17.357252,0.861077,0,0,0,0,0,,2.140752,-3.284019,164.379547,-7.15876,-0.720764,-0.578197,0.382344,-0.208666,-0.345016,-0.915108,3.02076,1,10.588386,1,0,0,0,0,0,
2.344396,-2.939396,214.608307,-6.031151,-0.189224,-0.970222,0.151206,-0.121791,-0.129608,-0.984057,3.141593,1,17.659277,0.85327,0,0,0,0,0,,2.165441,-3.043812,165.206207,-7.217822,-0.720063,-0.579995,0.38094,-0.208225,-0.343075,-0.915938,3.017015,1,10.993012,1,0,0,0,0,0,
2.383793,-2.812027,215.033005,-5.796638,-0.189771,-0.970092,0.151356,-0.121485,-0.129772,-0.984074,3.141593,1,17.760143,0.854318,0,0,0,0,0,,2.195838,-2.946056,165.982635,-7.355336,-0.719993,-0.579963,0.381121,-0.208784,-0.342716,-0.915945,3.014521,1,11.174013,1,0,0,0,0,0,
2.413379,-2.807812,215.111084,-5.553562,-0.18962,-0.969968,0.152339,-0.121072,-0.130871,-0.983979,3.141593,1,17.779936,0.85546,0,0,0,0,0,,2.235224,-3.055309,166.553772,-7.476154,-0.719367,-0.580297,0.381794,-0.209213,-0.343112,-0.915699,3.01146,1,11.294006,1,0,0,0,0,0,
2.441389,-2.912533,214.92749,-5.237651,-0.187776,-0.970133,0.153561,-0.12092,-0.13232,-0.983804,3.141593,1,17.752232,0.856535,0,0,0,0,0,,2.262034,-3.23674,167.08403,-7.393538,-0.718877,-0.580603,0.382252,-0.208991,-0.343935,-0.91544,3.008266,1,11.431821,1,0,0,0,0,0,
2.483406,-3.046829,214.447281,-4.87115,-0.183846,-0.970754,0.154393,-0.120669,-0.133593,-0.983663,3.141593,1,17.907009,0.850382,0,0,0,0,0,,2.294252,-3.39381,167.402695,-7.292976,-0.718941,-0.579929,0.383153,-0.209521,-0.344786,-0.914999,3.005279,1,11.597541,1,0,0,0,0,0,
2.507684,-3.187672,213.795425,-4.676551,-0.177587,-0.971763,0.155368,-0.120422,-0.135232,-0.983469,3.141593,1,18.016817,0.842219,0,0,0,0,0,,2.331961,-3.503223,167.463257,-7.136259,-0.720004,-0.577493,0.384832,-0.210455,-0.34672,-0.914053,3.003386,1,11.779837,1,0,0,0,0,0,
2.548805,-3.251247,213.176193,-4.603808,-0.170299,-0.972855,0.156686,-0.120901,-0.137179,-0.98314,3.141593,1,18.079975,0.836013,0,0,0,0,0,,2.378732,-3.630508,167.197922,-6.756113,-0.720432,-0.577006,0.384762,-0.21013,-0.347104,-0.913983,3.001925,1,11.919542,1,0,0,0,0,0,
2.60536,-3.311481,212.498184,-4.595413,-0.167151,-0.97322,0.157806,-0.121008,-0.138597,-0.982928,3.141593,1,18.044134,0.835188,0,0,0,0,0,,2.408086,-3.593857,166.982361,-6.541213,-0.721552,-0.576497,0.383423,-0.209155,-0.346421,-0.914465,3.00216,1,11.902839,1,0,0,0,0,0,
2.616633,-3.483822,211.87793,-4.714098,-0.164619,-0.973479,0.158871,-0.121227,-0.139879,-0.98272,3.141593,1,17.876127,0.838037,0,0,0,0,0,,2.448378,-3.533485,166.777435,-6.434486,-0.722724,-0.575561,0.382622,-0.208664,-0.346066,-0.914712,3.003292,1,11.914793,1,0,0,0,0,0,
2.648141,-3.867332,211.261978,-5.044628,-0.169237,-0.972186,0.161904,-0.120667,-0.142599,-0.982398,3.141593,1,17.864244,0.836411,0,0,0,0,0,,2.476378,-3.52692,166.608139,-6.425081,-0.723289,-0.575189,0.382114,-0.208198,-0.345961,-0.914858,3.00563,1,11.882298,1,0,0,0,0,0,
2.675016,-4.242332,211.01767,-5.311258,-0.173891,-0.971077,0.163621,-0.119965,-0.144025,-0.982275,3.141593,1,17.863499,0.84284,0,0,0,0,0,,2.540393,-3.773476,166.881805,-6.547225,-0.722335,-0.577187,0.380903,-0.206897,-0.3452,-0.91544,3.00976,1,11.854692,1,0,0,0,0,0,
2.704796,-4.941521,211.09169,-5.509739,-0.181454,-0.96924,0.166275,-0.119727,-0.146051,-0.982005,3.141593,1,17.930323,0.838981,0,0,0,0,0,,2.575495,-3.921684,167.071091,-6.615579,-0.721554,-0.57856,0.380301,-0.206075,-0.344922,-0.91573,3.011163,1,11.8776,1,0,0,0,0,0,
